stage,act,chapter,index,kingdom,boss,objectives,moves,time_s,target,difficulty,casual_win,casual_win_assist,casual_avg_score,average_win,average_win_assist,average_avg_score,expert_win,expert_win_assist,expert_avg_score
1,1,1,1,North,None,ReachScore:11107,30,900,11107,0,100,100,16688,100,100,17850,100,100,22925
2,1,1,2,North,None,ReachScore:10926,30,900,10926,6,100,100,16259,100,100,13756,100,100,14349
3,1,1,3,North,None,ReachScore:9552,30,900,9552,12,100,100,12134,100,100,16379,100,100,13124
4,1,1,4,North,None,ReachScore:18650,30,900,18650,18,62,100,20193,88,100,22455,100,100,23054
5,1,1,5,North,None,ReachScore:9204,30,900,9204,25,75,100,10324,100,100,20789,100,100,12427
6,1,1,6,North,None,ReachScore:11900,30,900,11900,31,100,100,14821,100,100,17877,100,100,16129
7,1,1,7,North,None,ReachScore:19314,30,900,19314,37,38,88,21529,100,100,24312,100,100,22791
8,1,1,8,North,None,ReachScore:12310,30,900,12310,44,100,100,16830,100,100,16095,100,100,17127
9,1,1,9,North,None,ReachScore:15033,30,900,15033,50,50,100,15990,100,100,16798,100,100,21127
10,1,1,10,North,MiniBoss,DefeatBoss:7000,35,900,7000,56,100,100,12865,100,100,11261,100,100,11104
11,1,1,11,North,None,ReachScore:7000,30,900,7000,63,88,100,8361,100,100,9992,100,100,9745
12,1,1,12,North,None,CollectColor:21,0,98,2800,69,75,100,6929,100,100,8591,100,100,11108
13,1,1,13,North,None,ReachScore:9240,30,900,9240,75,50,75,9573,100,100,11565,100,100,11406
14,1,1,14,North,None,ReachScore:7659,30,900,7659,82,75,88,8484,100,100,9386,100,100,14052
15,1,1,15,North,None,ReachScore:9000 + CollectColor:23,30,900,9000,88,100,100,14250,100,100,11365,100,100,12432
16,1,1,16,North,None,ReachScore:8884,0,97,8884,94,25,75,7618,88,100,10373,100,100,10419
17,1,1,17,North,None,CollectColor:26,29,900,2800,101,100,100,9590,88,100,9844,100,100,16232
18,1,1,18,North,None,ReachScore:9900,29,900,9900,107,75,100,12018,75,100,10727,100,100,11538
19,1,1,19,North,None,ReachScore:8250,29,900,8250,113,62,100,11622,100,100,10788,100,100,10057
20,1,1,20,North,ChapterBoss,DefeatBoss:7450,34,900,7450,120,100,100,12104,100,100,11175,100,100,11203
21,1,2,1,North,None,ReachScore:10084,30,900,10084,94,38,62,8714,50,100,10297,100,100,13084
22,1,2,2,North,None,CollectColor:22,30,900,2750,98,100,100,6971,100,100,6833,100,100,9047
23,1,2,3,North,None,ReachScore:8740,29,900,8740,103,62,100,10907,100,100,10758,100,100,12756
24,1,2,4,North,None,BreakStones:5,0,96,2950,137,100,100,2671,100,100,2695,100,100,2838
25,1,2,5,North,None,ReachScore:8410 + CollectColor:15,29,900,8410,141,25,100,7409,50,100,8586,100,100,10047
26,1,2,6,North,None,ReachScore:7900,29,900,7900,146,25,100,7270,100,100,10040,100,100,9340
27,1,2,7,North,None,CollectColor:22,29,900,3000,150,100,100,6801,100,100,7939,100,100,11410
28,1,2,8,North,None,ReachScore:11950,29,900,11950,154,25,88,11454,75,88,12566,100,100,14858
29,1,2,9,North,None,BreakStones:5,0,96,2900,159,100,100,2314,100,100,2352,100,100,2310
30,1,2,10,North,MiniBoss,DefeatBoss:7800,34,900,7800,163,100,100,9657,100,100,11057,100,100,12514
31,1,2,11,North,None,ReachScore:12116,29,900,12116,167,38,50,10472,62,88,12323,100,100,17858
32,1,2,12,North,None,CollectColor:36,0,95,2800,172,75,100,8709,100,100,9453,100,100,9197
33,1,2,13,North,None,ReachScore:8700,29,900,8700,176,25,75,7110,100,100,10930,100,100,9884
34,1,2,14,North,None,BreakStones:6,29,900,2800,180,100,100,6603,100,100,5896,100,100,6274
35,1,2,15,North,None,ReachScore:11550 + CollectColor:22,29,900,11550,185,62,75,11307,38,88,10749,100,100,13093
36,1,2,16,North,None,ReachScore:13676,0,95,13676,189,25,25,10026,50,75,12311,100,100,15134
37,1,2,17,North,None,CollectColor:69,29,900,2850,193,0,0,8051,0,12,9404,100,100,20882
38,1,2,18,North,None,ReachScore:12900,29,900,12900,198,12,50,9101,25,62,12386,100,100,14157
39,1,2,19,North,None,BreakStones:5,28,900,3100,202,100,100,4658,100,100,5140,100,100,4362
40,1,2,20,North,ChapterBoss,DefeatBoss:7200,33,900,7200,206,100,100,10120,100,100,10389,100,100,11732
41,1,3,1,North,None,ReachScore:11804,29,900,11804,181,38,75,10700,62,100,12780,100,100,14296
42,1,3,2,North,None,CollectColor:23,29,900,2800,185,38,100,6918,62,88,8940,100,100,14996
43,1,3,3,North,None,ClearIce:9,29,900,2450,189,88,100,5343,100,100,6301,100,100,5394
44,1,3,4,North,None,BreakStones:6,0,94,3150,224,100,100,4135,100,100,4211,100,100,2946
45,1,3,5,North,None,ReachScore:8850 + CollectColor:32,28,900,8850,228,38,100,8505,62,100,9601,100,100,10826
46,1,3,6,North,None,ReachScore:7000,28,900,7000,232,62,100,7988,100,100,9739,100,100,7880
47,1,3,7,North,None,CollectColor:29,28,900,2800,237,88,100,10002,100,100,10491,100,100,11424
48,1,3,8,North,None,ClearIce:9,28,900,2900,241,100,100,6016,100,100,6254,100,100,7894
49,1,3,9,North,None,BreakStones:6,0,93,2900,245,100,100,5925,100,100,4539,100,100,3481
50,1,3,10,North,MiniBoss,DefeatBoss:8350,33,900,8350,250,62,100,9782,100,100,11594,100,100,11931
51,1,3,11,North,None,ReachScore:11784,28,900,11784,253,62,75,12346,50,88,11567,100,100,14571
52,1,3,12,North,None,CollectColor:42,0,93,2950,256,12,25,8521,25,100,10026,100,100,18924
53,1,3,13,North,None,ClearIce:10,28,900,3300,259,100,100,6857,100,100,6715,100,100,7422
54,1,3,14,North,None,BreakStones:7,28,900,2950,262,100,100,5154,100,100,5616,100,100,5263
55,1,3,15,North,None,ReachScore:12008 + CollectColor:25,28,900,12008,265,25,25,9657,50,50,10876,100,100,14435
56,1,3,16,North,None,ReachScore:13493,0,93,13493,268,12,12,7461,12,38,9677,100,100,14624
57,1,3,17,North,None,CollectColor:57,28,900,3000,271,0,88,11062,25,88,14389,100,100,18990
58,1,3,18,North,None,ClearIce:9,28,900,3000,274,100,100,5806,100,100,5501,100,100,5260
59,1,3,19,North,None,BreakStones:6,28,900,2850,277,100,100,6364,100,100,6090,100,100,5832
60,1,3,20,North,ChapterBoss,DefeatBoss:7750,33,900,7750,280,100,100,9837,100,100,10846,100,100,10391
61,1,4,1,North,None,ReachScore:6400,28,900,6400,253,88,100,7280,75,100,8078,100,100,7529
62,1,4,2,North,None,CollectColor:33,28,900,2950,256,100,100,9471,88,100,9910,100,100,10347
63,1,4,3,North,None,ClearIce:10,28,900,2500,259,88,100,9381,100,100,7641,100,100,7675
64,1,4,4,North,None,BreakStones:6,0,92,3400,292,100,100,3727,100,100,3235,100,100,2357
65,1,4,5,North,None,ReachScore:16686 + CollectColor:37,28,900,16686,295,25,38,12398,25,62,13486,100,100,21802
66,1,4,6,North,None,ReachScore:11050,28,900,11050,298,25,100,9425,50,88,9735,100,100,11639
67,1,4,7,North,None,CollectColor:22,27,900,2850,301,100,100,8557,100,100,8103,100,100,9864
68,1,4,8,North,None,ClearIce:10,27,900,3000,304,100,100,5621,88,100,5721,100,100,5935
69,1,4,9,North,None,BreakStones:6,0,92,3000,307,100,100,4200,100,100,5925,100,100,2450
70,1,4,10,North,MiniBoss,DefeatBoss:8700,32,900,8700,310,88,100,10593,100,100,11250,100,100,11001
71,1,4,11,North,None,ReachScore:13550,27,900,13550,313,0,25,8430,25,50,11254,100,100,14483
72,1,4,12,North,None,CollectColor:50,0,92,3050,316,0,0,6856,12,25,11525,100,100,17702
73,1,4,13,North,None,ClearIce:11,27,900,3350,319,100,100,8755,100,100,7793,100,100,8270
74,1,4,14,North,None,BreakStones:7,27,900,3050,322,100,100,6372,100,100,5551,100,100,5898
75,1,4,15,North,None,ReachScore:11008 + CollectColor:20,27,900,11008,325,0,62,7165,50,75,10429,100,100,13217
76,1,4,16,North,None,ReachScore:12177,0,91,12177,328,25,50,8073,38,88,11686,100,100,14367
77,1,4,17,North,None,CollectColor:51,27,900,3050,331,0,62,8180,12,75,11696,100,100,15968
78,1,4,18,North,None,ClearIce:10,27,900,2900,334,88,100,9489,100,100,7720,100,100,7177
79,1,4,19,North,None,BreakStones:6,27,900,2900,337,100,100,4954,100,100,5869,100,100,4321
80,1,4,20,North,ChapterBoss,DefeatBoss:7600,32,900,7600,340,88,100,8414,100,100,9602,100,100,15273
81,1,5,1,North,None,ReachScore:11450,27,900,11450,313,38,100,9208,38,88,10868,100,100,12164
82,1,5,2,North,None,CollectColor:20,27,900,3050,316,100,100,7091,100,100,9582,100,100,6340
83,1,5,3,North,None,ClearIce:11,27,900,2550,319,75,100,7052,75,100,8588,100,100,8940
84,1,5,4,North,None,BreakStones:6,0,91,3500,352,100,100,3543,100,100,2642,100,100,2748
85,1,5,5,North,None,ReachScore:8650 + CollectColor:15,27,900,8650,355,38,75,8116,50,100,9232,100,100,9432
86,1,5,6,North,None,ReachScore:11453,27,900,11453,358,38,75,8917,12,75,10372,100,100,12424
87,1,5,7,North,None,CollectColor:13,27,900,2950,361,100,100,7065,100,100,7871,100,100,7504
88,1,5,8,North,None,ClearIce:11,27,900,3000,364,100,100,8798,100,100,6289,100,100,8329
89,1,5,9,North,None,BreakStones:6,0,90,3000,367,100,100,3222,100,100,2725,100,100,2619
90,1,5,10,North,MiniBoss,DefeatBoss:9200,32,900,9200,370,62,88,9111,88,100,11075,100,100,11306
91,1,5,11,North,None,ReachScore:17898,27,900,17898,373,12,50,12598,50,88,16179,100,100,19608
92,1,5,12,North,None,CollectColor:38,0,90,3050,376,25,75,7639,100,100,11710,100,100,12566
93,1,5,13,North,None,ClearIce:12,27,900,3550,379,100,100,6623,100,100,6929,100,100,5461
94,1,5,14,North,None,BreakStones:8,27,900,3050,382,100,100,5546,100,100,6005,100,100,5619
95,1,5,15,North,None,ReachScore:9322 + CollectColor:31,27,900,9322,385,62,100,11668,88,100,12743,100,100,13667
96,1,5,16,North,None,ReachScore:13967,0,90,13967,388,12,12,8776,25,38,12570,100,100,15648
97,1,5,17,North,None,CollectColor:42,27,900,3050,391,12,25,6430,12,62,9295,100,100,15269
98,1,5,18,North,None,ClearIce:11,27,900,3050,394,100,100,6682,100,100,6622,100,100,8166
99,1,5,19,North,None,BreakStones:7,27,900,3050,397,100,100,5596,100,100,5659,100,100,4849
100,1,5,20,North,ChapterBoss,DefeatBoss:7800,31,900,7800,400,88,100,9748,88,100,10871,100,100,10207
101,1,6,1,North,None,ReachScore:7177,27,900,7177,371,50,88,7033,62,88,8179,100,100,9964
102,1,6,2,North,None,CollectColor:25,27,900,3000,373,88,100,9920,88,100,9583,100,100,8851
103,1,6,3,North,None,ClearIce:12,27,900,2450,374,100,100,8395,100,100,7901,100,100,7484
104,1,6,4,North,None,BreakStones:7,0,89,3500,406,100,100,2920,100,100,2966,100,100,4461
105,1,6,5,North,None,ReachScore:6219 + CollectColor:16,26,900,6219,408,75,100,7196,88,100,7881,100,100,6944
106,1,6,6,North,None,ReachScore:4866,26,900,4866,409,38,62,4380,38,38,4508,100,100,7500
107,1,6,7,North,None,CollectColor:13,26,900,2950,411,100,100,5880,100,100,9417,100,100,8258
108,1,6,8,North,None,ClearIce:10,26,900,3000,412,100,100,6339,100,100,7807,100,100,4454
109,1,6,9,North,None,BreakStones:7,0,89,3050,414,100,100,3336,100,100,3203,100,100,3461
110,1,6,10,North,MiniBoss,DefeatBoss:9300,31,900,9300,416,75,100,10298,75,100,10405,100,100,12035
111,1,6,11,North,None,ReachScore:4400,26,900,4400,417,75,100,6326,88,100,15344,100,100,7134
112,1,6,12,North,None,CollectColor:29,0,89,3050,419,25,38,6709,62,100,9662,100,100,8805
113,1,6,13,North,None,ClearIce:12,26,900,3550,420,100,100,7908,88,100,7484,100,100,7434
114,1,6,14,North,None,BreakStones:8,26,900,3050,422,100,100,5755,100,100,6271,100,100,13816
115,1,6,15,North,None,ReachScore:8050 + CollectColor:16,26,900,8050,424,62,100,8220,75,100,9274,100,100,8980
116,1,6,16,North,None,ReachScore:1350,0,89,1350,425,88,88,2548,88,100,3154,100,100,2899
117,1,6,17,North,None,CollectColor:34,26,900,3050,427,12,38,10858,25,62,13400,100,100,20893
118,1,6,18,North,None,ClearIce:11,26,900,3050,428,100,100,8541,100,100,6170,100,100,4702
119,1,6,19,North,None,BreakStones:7,26,900,2950,430,100,100,5757,100,100,5085,100,100,5700
120,1,6,20,North,ChapterBoss,DefeatBoss:8050,31,900,8050,432,100,100,9818,100,100,9621,100,100,13337
121,1,7,1,North,None,ReachScore:4800,26,900,4800,403,62,75,5634,100,100,6997,100,100,7608
122,1,7,2,North,None,CollectColor:18,26,900,3000,405,100,100,5211,100,100,5423,100,100,4770
123,1,7,3,North,None,ClearIce:12,26,900,2450,406,88,100,6778,100,100,7286,100,100,7439
124,1,7,4,North,None,BreakStones:7,0,89,3650,438,100,100,3718,100,100,3279,100,100,3792
125,1,7,5,North,None,ReachScore:9271 + CollectColor:27,26,900,9271,440,0,50,6466,62,88,9741,100,100,10653
126,1,7,6,North,None,ReachScore:10544,26,900,10544,441,12,62,6494,75,88,11336,100,100,17522
127,1,7,7,North,None,CollectColor:29,26,900,3000,443,100,100,10356,100,100,10736,100,100,11594
128,1,7,8,North,None,ClearIce:12,26,900,3100,444,75,100,8712,100,100,6016,100,100,6495
129,1,7,9,North,None,BreakStones:7,0,88,3100,446,100,100,5384,100,100,6828,100,100,5217
130,1,7,10,North,MiniBoss,DefeatBoss:9550,31,900,9550,448,50,75,9650,50,100,9345,100,100,10693
131,1,7,11,North,None,ReachScore:2650,26,900,2650,449,62,75,4813,75,88,5102,100,100,5599
132,1,7,12,North,None,CollectColor:26,0,88,3100,451,0,12,8121,38,88,10247,100,100,19484
133,1,7,13,North,None,ClearIce:10,26,900,3700,452,100,100,4961,100,100,5085,100,100,4736
134,1,7,14,North,None,BreakStones:8,26,900,3150,454,100,100,7914,100,100,6839,100,100,7637
135,1,7,15,North,None,ReachScore:9350 + CollectColor:15,26,900,9350,456,12,75,7768,62,100,9287,100,100,11376
136,1,7,16,North,None,ReachScore:2320,0,88,2320,457,62,100,4205,50,75,2709,100,100,4154
137,1,7,17,North,None,CollectColor:40,26,900,3150,459,0,12,6528,0,88,7634,100,100,13085
138,1,7,18,North,None,ClearIce:11,26,900,3150,460,100,100,6147,100,100,6686,100,100,4708
139,1,7,19,North,None,BreakStones:7,26,900,3050,462,100,100,4900,100,100,6072,100,100,4186
140,1,7,20,North,ChapterBoss,DefeatBoss:8250,31,900,8250,464,88,100,10397,100,100,11552,100,100,11900
141,1,8,1,North,None,ReachScore:5019,26,900,5019,435,25,50,4585,38,75,5525,100,100,9330
142,1,8,2,North,None,CollectColor:27,26,900,3100,437,100,100,8746,100,100,7543,100,100,9290
143,1,8,3,North,None,ClearIce:13,26,900,2450,438,100,100,8568,100,100,6598,100,100,7101
144,1,8,4,North,None,BreakStones:7,0,88,3750,470,100,100,3934,100,100,3642,100,100,2884
145,1,8,5,North,None,ReachScore:11998 + CollectColor:33,26,900,11998,472,0,38,8890,12,75,10014,100,100,13824
146,1,8,6,North,None,ReachScore:1934,26,900,1934,473,62,100,4170,75,75,4113,100,100,4876
147,1,8,7,North,None,CollectColor:25,26,900,3100,475,100,100,7556,88,100,6866,100,100,8122
148,1,8,8,North,None,ClearIce:10,26,900,3200,476,100,100,6122,100,100,7365,100,100,7676
149,1,8,9,North,None,BreakStones:7,0,88,3200,478,100,100,3257,100,100,3438,100,100,2724
150,1,8,10,North,MiniBoss,DefeatBoss:9850,31,900,9850,480,88,100,13038,100,100,12065,100,100,13112
151,1,8,11,North,None,ReachScore:2600,26,900,2600,481,62,100,4373,100,100,6431,100,100,4820
152,1,8,12,North,None,CollectColor:26,0,87,3200,483,12,75,5822,75,100,8473,100,100,11855
153,1,8,13,North,None,ClearIce:13,26,900,3800,484,100,100,5525,100,100,6062,100,100,6850
154,1,8,14,North,None,BreakStones:8,26,900,3200,486,100,100,4894,100,100,6081,100,100,4324
155,1,8,15,North,None,ReachScore:11869 + CollectColor:20,26,900,11869,488,25,62,9869,25,62,9471,100,100,14908
156,1,8,16,North,None,ReachScore:4300,0,87,4300,489,38,88,3482,62,75,5417,100,100,7718
157,1,8,17,North,None,CollectColor:46,26,900,3250,491,0,38,9506,12,50,13366,100,100,19238
158,1,8,18,North,None,ClearIce:12,26,900,3250,492,100,100,6976,100,100,7132,100,100,8475
159,1,8,19,North,None,BreakStones:7,26,900,3150,494,100,100,5195,100,100,5996,100,100,5093
160,1,8,20,North,ChapterBoss,DefeatBoss:8450,31,900,8450,496,75,100,9431,100,100,10045,100,100,10172
161,1,9,1,North,None,ReachScore:2050,26,900,2050,467,62,88,3782,75,88,4352,100,100,4894
162,1,9,2,North,None,CollectColor:15,26,900,3200,469,100,100,5860,100,100,5397,100,100,6711
163,1,9,3,North,None,ClearIce:13,26,900,2500,470,100,100,5824,88,88,7143,100,100,9981
164,1,9,4,North,None,BreakStones:8,0,87,3700,502,100,100,2962,100,100,2738,100,100,3317
165,1,9,5,North,None,ReachScore:11995 + CollectColor:26,25,900,11995,504,50,88,11704,25,88,11314,100,100,12905
166,1,9,6,North,None,ReachScore:4157,25,900,4157,505,100,100,7137,50,88,4944,100,100,7257
167,1,9,7,North,None,CollectColor:28,25,900,2950,507,62,100,9295,62,100,10448,100,100,14474
168,1,9,8,North,None,ClearIce:13,25,900,2950,508,100,100,8325,100,100,7185,100,100,8505
169,1,9,9,North,None,BreakStones:8,0,87,2950,510,100,100,4287,100,100,5209,100,100,4896
170,1,9,10,North,MiniBoss,DefeatBoss:9800,30,900,9800,512,62,100,9600,75,100,10980,100,100,11755
171,1,9,11,North,None,ReachScore:3153,25,900,3153,513,38,100,5742,88,88,6309,100,100,6098
172,1,9,12,North,None,CollectColor:31,0,87,3000,515,38,88,6465,50,100,8411,100,100,9703
173,1,9,13,North,None,ClearIce:14,25,900,3750,516,62,88,8576,75,88,9939,100,100,12261
174,1,9,14,North,None,BreakStones:9,25,900,3000,518,100,100,6000,100,100,6199,100,100,5342
175,1,9,15,North,None,ReachScore:12600 + CollectColor:26,25,900,12600,520,0,12,8475,38,100,12239,100,100,14433
176,1,9,16,North,None,ReachScore:4600,0,86,4600,521,38,50,4085,38,62,4477,100,100,5906
177,1,9,17,North,None,CollectColor:47,25,900,3000,523,12,62,13219,12,50,11875,100,100,21283
178,1,9,18,North,None,ClearIce:13,25,900,3000,524,88,100,7812,88,100,7172,100,100,10675
179,1,9,19,North,None,BreakStones:8,25,900,3000,526,100,100,5399,100,100,4398,100,100,4005
180,1,9,20,North,ChapterBoss,DefeatBoss:7900,30,900,7900,528,75,100,11774,88,100,9085,100,100,10057
181,1,10,1,North,None,ReachScore:1450,26,900,1450,499,62,88,3030,75,100,4069,100,100,4252
182,1,10,2,North,None,CollectColor:20,25,900,2950,501,88,100,6483,100,100,8934,100,100,15314
183,1,10,3,North,None,ClearIce:14,25,900,2200,502,75,100,9338,75,100,7264,100,100,19295
184,1,10,4,North,None,BreakStones:8,0,86,3800,534,100,100,4182,100,100,4506,100,100,4721
185,1,10,5,North,None,ReachScore:19400 + CollectColor:33,25,900,19400,536,0,0,9298,12,25,15120,100,100,20172
186,1,10,6,North,None,ReachScore:2300,25,900,2300,537,62,88,3846,100,100,5268,100,100,5102
187,1,10,7,North,None,CollectColor:17,25,900,3050,539,100,100,6975,100,100,9603,100,100,7238
188,1,10,8,North,None,ClearIce:13,25,900,3050,540,88,100,6574,100,100,6220,100,100,4738
189,1,10,9,North,None,BreakStones:8,0,86,3050,542,100,100,2496,100,100,2890,100,100,2474
190,1,10,10,North,MiniBoss,DefeatBoss:10050,30,900,10050,544,50,88,10663,88,100,12957,100,100,12588
191,1,10,11,North,None,ReachScore:6931,25,900,6931,545,0,25,2982,25,50,5495,100,100,9782
192,1,10,12,North,None,CollectColor:47,0,86,3050,547,0,12,7490,0,12,8892,100,100,25129
193,1,10,13,North,None,ClearIce:14,25,900,3850,548,88,100,7404,100,100,8117,100,100,10514
194,1,10,14,North,None,BreakStones:9,25,900,3050,550,88,100,5557,100,100,9702,100,100,3682
195,1,10,15,North,None,ReachScore:11200 + CollectColor:26,25,900,11200,552,62,88,11059,62,100,11598,100,100,12297
196,1,10,16,North,None,ReachScore:2350,0,86,2350,553,50,88,2734,88,100,4489,100,100,4053
197,1,10,17,North,None,CollectColor:27,25,900,3100,555,25,62,6703,25,75,7154,100,100,8850
198,1,10,18,North,None,ClearIce:13,25,900,3100,556,100,100,6710,100,100,6807,100,100,6242
199,1,10,19,North,None,BreakStones:8,25,900,3100,558,100,100,6964,88,100,6824,100,100,5191
200,1,10,20,North,ActBoss,DefeatBoss:8150,30,900,8150,560,75,100,9493,100,100,9770,100,100,11504
201,2,11,1,East,None,ReachScore:4242,25,900,4242,530,12,75,3006,25,25,3250,100,100,8512
202,2,11,2,East,None,CollectColor:25,25,900,3050,531,75,100,10479,100,100,8489,100,100,12403
203,2,11,3,East,None,ClearIce:13,25,900,2300,532,100,100,6733,100,100,6270,100,100,4811
204,2,11,4,East,None,BreakStones:8,0,85,3900,563,100,100,4762,100,100,3354,100,100,3513
205,2,11,5,East,None,ReachScore:10102 + CollectColor:21,25,900,10102,564,62,88,9895,38,88,9757,100,100,10728
206,2,11,6,East,None,ReachScore:1600,25,900,1600,565,75,75,3623,88,100,4371,100,100,4213
207,2,11,7,East,None,CollectColor:21,25,900,3100,566,88,100,5207,100,100,6013,100,100,8572
208,2,11,8,East,None,ClearIce:13,25,900,3100,567,88,100,5987,100,100,7804,100,100,6280
209,2,11,9,East,None,BreakStones:8,0,85,3100,568,100,100,3086,100,100,3323,100,100,2758
210,2,11,10,East,MiniBoss,DefeatBoss:10300,30,900,10300,569,62,100,10669,88,100,11901,100,100,14691
211,2,11,11,East,None,ReachScore:4800,25,900,4800,570,25,62,4143,25,38,3986,100,100,9471
212,2,11,12,East,None,CollectColor:42,0,85,3150,571,0,50,5926,50,88,9387,100,100,19231
213,2,11,13,East,None,ClearIce:12,25,900,3900,572,88,100,6246,100,100,8141,100,100,5517
214,2,11,14,East,None,BreakStones:9,25,900,3150,573,100,100,5045,100,100,5399,100,100,4998
215,2,11,15,East,None,ReachScore:10432 + CollectColor:33,25,900,10432,574,25,50,9117,75,100,10909,100,100,11608
216,2,11,16,East,None,ReachScore:3527,0,85,3527,575,50,88,3518,38,75,3348,100,100,5838
217,2,11,17,East,None,CollectColor:33,25,900,3150,576,25,88,8096,50,88,11468,100,100,11258
218,2,11,18,East,None,ClearIce:13,25,900,3150,577,100,100,6879,100,100,7985,100,100,8326
219,2,11,19,East,None,BreakStones:8,25,900,3150,578,100,100,5022,100,100,5383,100,100,4495
220,2,11,20,East,ChapterBoss,DefeatBoss:8250,30,900,8250,579,88,100,9860,75,100,10062,100,100,16123
221,2,12,1,East,None,ReachScore:2331,25,900,2331,549,62,100,4055,75,100,4299,100,100,5998
222,2,12,2,East,None,CollectColor:23,25,900,3050,550,38,100,6960,100,100,9852,100,100,10438
223,2,12,3,East,None,ClearIce:13,25,900,2300,551,88,100,7622,75,100,7201,100,100,5042
224,2,12,4,East,None,BreakStones:8,0,85,3950,582,100,100,4214,100,100,2978,100,100,3191
225,2,12,5,East,None,ReachScore:3900 + CollectColor:14,25,900,3900,583,100,100,5943,100,100,5552,100,100,4687
226,2,12,6,East,None,ReachScore:3230,25,900,3230,584,62,75,4573,88,100,6229,100,100,6200
227,2,12,7,East,None,CollectColor:16,25,900,3100,585,100,100,7213,100,100,8909,100,100,9623
228,2,12,8,East,None,ClearIce:13,25,900,3150,586,100,100,7471,100,100,8540,100,100,7141
229,2,12,9,East,None,BreakStones:8,0,85,3150,587,100,100,2858,100,100,3302,100,100,3252
230,2,12,10,East,MiniBoss,DefeatBoss:10450,30,900,10450,588,38,88,10261,50,88,9953,100,100,17602
231,2,12,11,East,None,ReachScore:14750,25,900,14750,589,0,0,5716,0,38,10091,100,100,16201
232,2,12,12,East,None,CollectColor:29,0,85,3150,590,0,25,6018,12,50,9060,100,100,17255
233,2,12,13,East,None,ClearIce:15,25,900,3950,591,100,100,10653,100,100,9166,100,100,17288
234,2,12,14,East,None,BreakStones:9,25,900,3200,592,88,100,6580,100,100,7488,100,100,7245
235,2,12,15,East,None,ReachScore:9400 + CollectColor:30,25,900,9400,593,38,62,8750,100,100,11728,100,100,10047
236,2,12,16,East,None,ReachScore:3050,0,85,3050,594,62,88,3500,75,88,3899,100,100,4783
237,2,12,17,East,None,CollectColor:28,25,900,3200,595,62,88,10615,38,75,10236,100,100,11774
238,2,12,18,East,None,ClearIce:12,25,900,3200,596,88,100,9452,88,100,9038,100,100,16447
239,2,12,19,East,None,BreakStones:8,25,900,3100,597,88,100,6111,100,100,6611,100,100,5692
240,2,12,20,East,ChapterBoss,DefeatBoss:8400,30,900,8400,598,75,100,10060,100,100,11077,100,100,11557
241,2,13,1,East,None,ReachScore:4914,25,900,4914,568,50,50,5001,88,100,6495,100,100,8023
242,2,13,2,East,None,CollectColor:23,25,900,3150,569,100,100,7203,100,100,6858,100,100,6415
243,2,13,3,East,None,ClearIce:12,25,900,2350,570,88,100,6823,100,100,7242,100,100,9067
244,2,13,4,East,None,BreakStones:8,0,84,3850,601,100,100,3281,88,100,3353,100,100,4483
245,2,13,5,East,None,ReachScore:9909 + CollectColor:28,24,900,9909,602,25,75,8040,25,100,8577,100,100,11355
246,2,13,6,East,None,ReachScore:2681,24,900,2681,603,62,75,4431,75,100,4231,100,100,6096
247,2,13,7,East,None,CollectColor:27,24,900,2150,604,62,88,8399,12,100,7640,100,100,10879
248,2,13,8,East,None,ClearIce:18,24,900,3100,605,100,100,8441,100,100,6647,100,100,6165
249,2,13,9,East,None,BreakStones:8,0,84,3100,606,100,100,4251,100,100,3243,100,100,2582
250,2,13,10,East,MiniBoss,DefeatBoss:10250,29,900,10250,607,12,75,7892,75,88,11182,100,100,14168
251,2,13,11,East,None,ReachScore:2624,24,900,2624,608,25,50,2670,25,38,2445,0,0,2610
252,2,13,12,East,None,CollectColor:43,0,84,3100,609,12,25,6814,50,100,9002,100,100,13147
253,2,13,13,East,None,ClearIce:28,24,900,3850,610,50,75,10343,50,75,10809,100,100,10010
254,2,13,14,East,None,BreakStones:9,24,900,3100,611,88,100,5226,75,100,5158,100,100,6522
255,2,13,15,East,None,ReachScore:7850 + CollectColor:17,24,900,7850,612,38,62,6614,88,100,9515,100,100,9068
256,2,13,16,East,None,ReachScore:1650,0,84,1650,613,88,100,3173,100,100,4059,100,100,3108
257,2,13,17,East,None,CollectColor:36,24,900,3100,614,0,38,7359,12,38,8810,100,100,12053
258,2,13,18,East,None,ClearIce:27,24,900,3100,615,62,88,11476,88,100,9379,100,100,9628
259,2,13,19,East,None,BreakStones:8,24,900,2200,616,100,100,4747,100,100,4528,100,100,4030
260,2,13,20,East,ChapterBoss,DefeatBoss:8250,29,900,8250,617,75,100,11715,100,100,10069,100,100,10615
261,2,14,1,East,None,ReachScore:4509,25,900,4509,587,25,50,3667,50,88,4895,100,100,7108
262,2,14,2,East,None,CollectColor:10,25,900,3150,588,100,100,5927,100,100,6494,100,100,5336
263,2,14,3,East,None,ClearIce:15,25,900,2300,589,88,100,9595,75,88,10528,100,100,7027
264,2,14,4,East,None,BreakStones:7,0,84,3900,620,100,100,3361,100,100,3200,100,100,3069
265,2,14,5,East,None,ReachScore:10252 + CollectColor:25,24,900,10252,621,38,88,10117,62,88,10965,100,100,10951
266,2,14,6,East,None,ReachScore:2595,24,900,2595,622,100,100,4802,75,88,5824,100,100,5023
267,2,14,7,East,None,CollectColor:20,24,900,2200,623,100,100,6927,100,100,6512,100,100,7116
268,2,14,8,East,None,ClearIce:26,24,900,3150,624,50,88,9367,88,100,9630,100,100,12029
269,2,14,9,East,None,BreakStones:9,0,84,3150,625,100,100,3241,100,100,5108,100,100,5332
270,2,14,10,East,MiniBoss,DefeatBoss:10400,29,900,10400,626,62,75,11317,38,88,10435,100,100,12363
271,2,14,11,East,None,ReachScore:6450,24,900,6450,627,38,38,6366,25,50,6037,100,100,8014
272,2,14,12,East,None,CollectColor:25,0,84,3150,628,38,88,8027,100,100,10030,100,100,9910
273,2,14,13,East,None,ClearIce:26,24,900,3950,629,50,88,8032,50,88,9026,100,100,10668
274,2,14,14,East,None,BreakStones:10,24,900,3150,630,88,100,6660,50,100,6283,100,100,8615
275,2,14,15,East,None,ReachScore:6750 + CollectColor:14,24,900,6750,631,62,100,7961,100,100,10278,100,100,8009
276,2,14,16,East,None,ReachScore:2989,0,84,2989,632,75,88,4525,75,88,4226,100,100,4598
277,2,14,17,East,None,CollectColor:57,24,900,3150,633,0,0,9140,0,12,11299,100,100,24031
278,2,14,18,East,None,ClearIce:27,24,900,3150,634,50,100,9837,50,88,9476,100,100,10281
279,2,14,19,East,None,BreakStones:9,24,900,2200,635,100,100,6086,100,100,6326,100,100,6052
280,2,14,20,East,ChapterBoss,DefeatBoss:8350,29,900,8350,636,50,100,8999,62,100,11201,100,100,12016
281,2,15,1,East,None,ReachScore:5237,24,900,5237,606,25,38,4328,38,62,4590,100,100,6277
282,2,15,2,East,None,CollectColor:24,24,900,3100,607,88,100,8623,100,100,7297,100,100,9647
283,2,15,3,East,None,ClearIce:28,24,900,2150,608,75,88,10624,100,100,10617,100,100,9329
284,2,15,4,East,None,BreakStones:9,0,84,3950,639,88,100,4595,100,100,4023,100,100,3864
285,2,15,5,East,None,ReachScore:13150 + CollectColor:27,24,900,13150,640,38,88,10956,50,75,12191,100,100,14614
286,2,15,6,East,None,ReachScore:8627,24,900,8627,641,25,50,7088,25,50,6837,100,100,9258
287,2,15,7,East,None,CollectColor:21,24,900,2200,642,88,100,7712,75,100,7810,100,100,9830
288,2,15,8,East,None,ClearIce:28,24,900,3150,643,75,88,9212,88,100,8130,100,100,9966
289,2,15,9,East,None,BreakStones:9,0,83,3150,644,100,100,4610,100,100,4161,100,100,4786
290,2,15,10,East,MiniBoss,DefeatBoss:10450,29,900,10450,645,12,25,7621,38,75,9754,100,100,12364
291,2,15,11,East,None,ReachScore:2550,24,900,2550,646,88,88,5546,88,100,4828,0,0,2408
292,2,15,12,East,None,CollectColor:35,0,83,3200,647,50,88,7751,88,100,8670,100,100,8979
293,2,15,13,East,None,ClearIce:31,24,900,4000,648,25,38,9832,75,100,10263,100,100,13324
294,2,15,14,East,None,BreakStones:10,24,900,3200,649,100,100,6139,100,100,5502,100,100,5104
295,2,15,15,East,None,ReachScore:11450 + CollectColor:26,24,900,11450,650,25,75,10889,62,88,11777,100,100,12910
296,2,15,16,East,None,ReachScore:4089,0,83,4089,651,12,62,2277,50,62,4373,100,100,5583
297,2,15,17,East,None,CollectColor:57,24,900,3200,652,0,0,8254,0,25,10574,100,100,21980
298,2,15,18,East,None,ClearIce:24,24,900,3200,653,88,100,8061,88,100,7211,100,100,8565
299,2,15,19,East,None,BreakStones:9,24,900,2250,654,62,100,6576,100,100,5860,100,100,5554
300,2,15,20,East,ChapterBoss,DefeatBoss:8450,29,900,8450,655,75,100,9003,88,100,10322,100,100,16204
301,2,16,1,East,None,ReachScore:2322,24,900,2322,625,88,100,5266,75,88,4822,100,100,6150
302,2,16,2,East,None,CollectColor:28,24,900,3150,626,62,100,6404,88,100,8816,100,100,14131
303,2,16,3,East,None,ClearIce:30,24,900,2150,627,0,12,10226,62,75,10879,100,100,11183
304,2,16,4,East,None,BreakStones:9,0,83,4000,658,100,100,4819,100,100,4264,100,100,3807
305,2,16,5,East,None,ReachScore:8752 + CollectColor:17,24,900,8752,659,50,75,8241,38,62,8030,100,100,11986
306,2,16,6,East,None,ReachScore:2694,24,900,2694,660,62,75,5018,100,100,6044,100,100,5465
307,2,16,7,East,None,CollectColor:31,24,900,2250,661,75,100,7767,100,100,8630,100,100,9901
308,2,16,8,East,None,ClearIce:29,24,900,3250,662,0,62,7800,50,75,9396,100,100,8167
309,2,16,9,East,None,BreakStones:9,0,83,3250,663,88,100,4719,100,100,4809,100,100,7552
310,2,16,10,East,MiniBoss,DefeatBoss:5100,29,900,5100,664,88,100,6618,100,100,7442,100,100,7752
311,2,16,11,East,None,ReachScore:4200,24,900,4200,665,25,38,3521,75,88,6163,0,0,3984
312,2,16,12,East,None,CollectColor:34,0,83,3250,666,25,100,8297,50,100,9810,100,100,14854
313,2,16,13,East,None,ClearIce:31,24,900,4050,667,38,75,7711,75,100,9526,100,100,10253
314,2,16,14,East,None,BreakStones:10,24,900,3050,668,88,100,6673,100,100,6005,100,100,9774
315,2,16,15,East,None,ReachScore:6100 + CollectColor:22,24,900,6100,669,88,100,7043,100,100,7718,100,100,7650
316,2,16,16,East,None,ReachScore:2357,0,83,2357,670,12,25,1548,38,50,2471,100,100,4033
317,2,16,17,East,None,CollectColor:34,24,900,3050,671,50,88,11821,25,100,10362,100,100,14417
318,2,16,18,East,None,ClearIce:22,24,900,3050,672,62,88,8800,50,88,7478,100,100,6500
319,2,16,19,East,None,BreakStones:9,24,900,2250,673,100,100,7656,100,100,7025,100,100,6391
320,2,16,20,East,ChapterBoss,DefeatBoss:8100,29,900,8100,674,100,100,9595,88,100,9379,100,100,11059
321,2,17,1,East,None,ReachScore:4100,24,900,4100,644,38,100,3238,75,88,5763,100,100,6288
322,2,17,2,East,None,CollectColor:32,24,900,3200,645,38,100,8041,100,100,11071,100,100,12227
323,2,17,3,East,None,ClearIce:29,24,900,2200,646,50,100,9926,38,100,8941,100,100,8440
324,2,17,4,East,None,BreakStones:9,0,83,4050,677,100,100,5862,75,100,5653,100,100,6980
325,2,17,5,East,None,ReachScore:12110 + CollectColor:24,24,900,12110,678,0,0,6489,25,50,8369,100,100,14586
326,2,17,6,East,None,ReachScore:3614,24,900,3614,679,75,88,5865,62,100,5119,100,100,6942
327,2,17,7,East,None,CollectColor:21,24,900,2250,680,100,100,8882,100,100,8776,100,100,15232
328,2,17,8,East,None,ClearIce:25,24,900,3050,681,62,100,8329,62,100,7162,100,100,10684
329,2,17,9,East,None,BreakStones:9,0,82,3050,682,100,100,3244,100,100,3369,100,100,2710
330,2,17,10,East,MiniBoss,DefeatBoss:10850,29,900,10850,683,38,75,9048,38,88,9216,100,100,13121
331,2,17,11,East,None,ReachScore:7608,24,900,7608,684,50,50,7389,38,75,6629,100,100,13280
332,2,17,12,East,None,CollectColor:22,0,82,3050,685,25,88,6694,75,100,9492,100,100,10379
333,2,17,13,East,None,ClearIce:29,24,900,4100,686,12,62,8451,62,100,8831,100,100,10454
334,2,17,14,East,None,BreakStones:10,24,900,3100,687,88,100,9208,100,100,7269,100,100,12331
335,2,17,15,East,None,ReachScore:9435 + CollectColor:25,24,900,9435,688,75,100,10358,50,100,10947,100,100,20704
336,2,17,16,East,None,ReachScore:1751,0,82,1751,689,38,75,1709,25,88,1638,100,100,3089
337,2,17,17,East,None,CollectColor:52,24,900,3100,690,25,75,8545,25,88,9799,100,100,12646
338,2,17,18,East,None,ClearIce:29,24,900,3100,691,88,100,10383,100,100,9927,100,100,7547
339,2,17,19,East,None,BreakStones:9,24,900,2250,692,100,100,5092,100,100,4762,100,100,4307
340,2,17,20,East,ChapterBoss,DefeatBoss:8200,29,900,8200,693,62,100,8909,75,100,9019,100,100,21080
341,2,18,1,East,None,ReachScore:1832,24,900,1832,663,50,75,2845,38,62,2815,100,100,5462
342,2,18,2,East,None,CollectColor:8,24,900,3250,664,100,100,3570,100,100,3698,100,100,3002
343,2,18,3,East,None,ClearIce:30,24,900,2250,665,0,12,7451,50,75,7925,100,100,10872
344,2,18,4,East,None,BreakStones:9,0,82,4150,696,75,100,7358,88,100,7060,100,100,9391
345,2,18,5,East,None,ReachScore:8224 + CollectColor:16,24,900,8224,697,38,62,7654,38,75,7650,100,100,10737
346,2,18,6,East,None,ReachScore:3009,24,900,3009,698,12,75,2335,38,88,3739,100,100,5729
347,2,18,7,East,None,CollectColor:25,24,900,2300,699,75,100,8766,88,100,10960,100,100,10431
348,2,18,8,East,None,ClearIce:24,23,900,3000,700,25,62,7811,38,100,8544,100,100,11461
349,2,18,9,East,None,BreakStones:8,0,82,3000,701,100,100,5579,100,100,5057,100,100,5750
350,2,18,10,East,MiniBoss,DefeatBoss:5650,28,900,5650,702,100,100,8052,100,100,7744,100,100,6659
351,2,18,11,East,None,ReachScore:2250,23,900,2250,703,88,100,4424,100,100,5492,100,100,5752
352,2,18,12,East,None,CollectColor:28,0,82,3000,704,0,12,4442,25,75,7988,100,100,11618
353,2,18,13,East,None,ClearIce:27,23,900,4000,705,25,62,9138,62,100,7649,100,100,7893
354,2,18,14,East,None,BreakStones:10,23,900,3000,706,62,75,8520,100,100,7269,100,100,11046
355,2,18,15,East,None,ReachScore:7300 + CollectColor:11,23,900,7300,707,38,100,6748,75,100,8636,100,100,8113
356,2,18,16,East,None,ReachScore:1600,0,82,1600,708,75,88,2490,88,100,2644,100,100,3121
357,2,18,17,East,None,CollectColor:29,23,900,3000,709,0,62,4885,12,62,6760,100,100,14246
358,2,18,18,East,None,ClearIce:19,23,900,3000,710,75,100,6723,88,100,7759,100,100,6660
359,2,18,19,East,None,BreakStones:8,23,900,2200,711,75,100,7029,88,100,6584,100,100,7878
360,2,18,20,East,ChapterBoss,DefeatBoss:8050,28,900,8050,712,50,100,8213,88,100,9666,100,100,9178
361,2,19,1,East,None,ReachScore:4016,24,900,4016,682,50,88,4745,62,75,8110,100,100,17127
362,2,19,2,East,None,CollectColor:24,24,900,3050,683,100,100,9517,100,100,9452,100,100,12103
363,2,19,3,East,None,ClearIce:26,24,900,2250,684,50,88,8286,62,75,7326,100,100,10112
364,2,19,4,East,None,BreakStones:9,0,82,4000,715,50,88,5122,100,100,6844,100,100,7591
365,2,19,5,East,None,ReachScore:11321 + CollectColor:18,23,900,11321,716,38,50,9883,62,100,13233,100,100,11897
366,2,19,6,East,None,ReachScore:2304,23,900,2304,717,25,50,2272,50,88,3424,100,100,5648
367,2,19,7,East,None,CollectColor:19,23,900,2200,718,100,100,9306,88,100,10643,100,100,10711
368,2,19,8,East,None,ClearIce:27,23,900,3050,719,38,75,7532,25,100,8236,100,100,8149
369,2,19,9,East,None,BreakStones:9,0,82,3050,720,88,88,4933,88,100,7305,100,100,7605
370,2,19,10,East,MiniBoss,DefeatBoss:8200,28,900,8200,721,62,88,8449,75,88,9817,100,100,8719
371,2,19,11,East,None,ReachScore:7101,23,900,7101,722,25,25,5161,0,25,3561,100,100,9800
372,2,19,12,East,None,CollectColor:23,0,81,3050,723,88,100,6058,100,100,7024,100,100,5720
373,2,19,13,East,None,ClearIce:24,23,900,4050,724,75,88,6330,75,100,7429,100,100,16061
374,2,19,14,East,None,BreakStones:9,23,900,3050,725,25,75,5871,25,88,4943,100,100,5184
375,2,19,15,East,None,ReachScore:10700 + CollectColor:21,23,900,10700,726,38,75,9891,62,88,10723,100,100,11330
376,2,19,16,East,None,ReachScore:3050,0,81,3050,727,50,75,3083,50,88,3211,100,100,4696
377,2,19,17,East,None,CollectColor:27,23,900,3050,728,25,75,8760,50,100,10028,100,100,17086
378,2,19,18,East,None,ClearIce:22,23,900,3050,729,100,100,7554,100,100,8463,100,100,9400
379,2,19,19,East,None,BreakStones:8,23,900,2250,730,75,100,5922,75,100,7468,100,100,6444
380,2,19,20,East,ChapterBoss,DefeatBoss:8150,28,900,8150,731,88,100,9327,75,100,9945,100,100,10764
381,2,20,1,East,None,ReachScore:1200,23,900,1200,701,88,100,3639,88,100,3506,100,100,3595
382,2,20,2,East,None,CollectColor:27,23,900,3000,702,50,100,9250,75,100,10318,100,100,15112
383,2,20,3,East,None,ClearIce:26,23,900,2200,703,62,100,10560,62,88,9061,100,100,9552
384,2,20,4,East,None,BreakStones:9,0,81,4050,734,50,100,6499,75,100,6685,100,100,5335
385,2,20,5,East,None,ReachScore:11121 + CollectColor:18,23,900,11121,735,0,25,7906,12,50,7344,100,100,12152
386,2,20,6,East,None,ReachScore:3258,23,900,3258,736,38,50,3383,25,25,3014,100,100,5673
387,2,20,7,East,None,CollectColor:34,23,900,2250,737,62,88,9399,88,100,10773,100,100,11268
388,2,20,8,East,None,ClearIce:24,23,900,3050,738,75,100,6099,75,100,7990,100,100,6978
389,2,20,9,East,None,BreakStones:8,0,81,3050,739,75,100,4075,88,100,6300,100,100,5523
390,2,20,10,East,MiniBoss,DefeatBoss:10950,28,900,10950,740,62,100,11501,88,100,12253,100,100,13301
391,2,20,11,East,None,ReachScore:3450,23,900,3450,741,88,88,5974,50,100,5038,0,0,3242
392,2,20,12,East,None,CollectColor:36,0,81,3050,742,38,75,8204,100,100,12935,100,100,16472
393,2,20,13,East,None,ClearIce:30,23,900,4100,743,38,100,6442,88,100,8377,100,100,7663
394,2,20,14,East,None,BreakStones:10,23,900,3050,744,75,88,5996,75,100,5646,100,100,7608
395,2,20,15,East,None,ReachScore:4150 + CollectColor:14,23,900,4150,745,100,100,6924,100,100,6572,100,100,5550
396,2,20,16,East,None,ReachScore:2700,0,81,2700,746,75,88,3791,100,100,4605,100,100,4217
397,2,20,17,East,None,CollectColor:33,23,900,3100,747,0,50,7851,12,62,7708,100,100,15241
398,2,20,18,East,None,ClearIce:28,23,900,3100,748,25,88,9662,62,100,10296,100,100,8737
399,2,20,19,East,None,BreakStones:8,23,900,2250,749,50,100,6886,100,100,5778,100,100,6208
400,2,20,20,East,ActBoss,DefeatBoss:8250,28,900,8250,750,62,100,8128,100,100,10086,100,100,10819
401,3,21,1,West,None,ReachScore:2200 + DestroyBlight:2,23,900,2200,720,75,75,3781,50,88,3153,100,100,4727
402,3,21,2,West,None,CollectColor:16,23,900,3050,721,88,100,6647,100,100,8761,100,100,11095
403,3,21,3,West,None,ClearIce:30,23,900,2250,721,12,62,7500,50,75,8949,100,100,24343
404,3,21,4,West,None,BreakStones:10,0,81,4100,752,50,88,4592,100,100,5390,100,100,5416
405,3,21,5,West,None,ReachScore:6237 + CollectColor:18 + DestroyBlight:12,23,900,6237,752,50,100,7021,62,100,6328,100,100,9194
406,3,21,6,West,None,ReachScore:3163,23,900,3163,753,50,88,3558,12,38,2775,100,100,6648
407,3,21,7,West,None,CollectColor:19,23,900,2250,753,50,100,6906,100,100,8115,100,100,9331
408,3,21,8,West,None,ClearIce:23,23,900,3100,754,75,100,7391,88,100,8516,100,100,9774
409,3,21,9,West,None,BreakStones:10,0,81,3100,754,75,100,5210,100,100,7843,100,100,3477
410,3,21,10,West,MiniBoss,DefeatBoss:11050,28,900,11050,755,25,75,8876,50,100,11048,100,100,17890
411,3,21,11,West,None,ReachScore:1900,23,900,1900,755,75,75,3675,100,100,4558,100,100,4868
412,3,21,12,West,None,CollectColor:37,0,81,3100,756,25,88,9376,38,88,10968,100,100,14498
413,3,21,13,West,None,ClearIce:33,23,900,4150,756,0,38,9010,12,62,10510,100,100,12628
414,3,21,14,West,None,BreakStones:11,23,900,3100,757,25,100,6038,50,100,5772,100,100,5580
415,3,21,15,West,None,ReachScore:11979 + CollectColor:10 + DestroyBlight:10,23,900,11979,757,0,25,7280,12,38,9445,100,100,15067
416,3,21,16,West,None,ReachScore:3300,0,81,3300,758,75,88,4151,62,100,3754,100,100,4668
417,3,21,17,West,None,CollectColor:24,23,900,3100,758,50,100,8580,25,88,8095,100,100,9381
418,3,21,18,West,None,ClearIce:26,23,900,3100,759,38,100,8795,88,100,8849,100,100,12361
419,3,21,19,West,None,BreakStones:9,23,900,2300,759,88,100,4761,88,100,6028,100,100,5843
420,3,21,20,West,ChapterBoss,DefeatBoss:8300,28,900,8300,760,62,100,8831,62,88,9140,100,100,11507
421,3,22,1,West,None,ReachScore:2691,23,900,2691,730,75,88,4523,62,88,4101,100,100,5938
422,3,22,2,West,None,CollectColor:11,23,900,3050,731,100,100,5036,100,100,5921,100,100,9804
423,3,22,3,West,None,ClearIce:32,23,900,2250,731,0,50,6930,12,88,7628,100,100,9269
424,3,22,4,West,None,BreakStones:10,0,80,4150,762,38,62,5059,88,88,6141,100,100,7992
425,3,22,5,West,None,ReachScore:5300 + CollectColor:8 + DestroyBlight:12,23,900,5300,762,62,100,5820,75,100,7753,100,100,5936
426,3,22,6,West,None,ReachScore:1937,23,900,1937,763,88,100,4294,88,88,5221,100,100,6802
427,3,22,7,West,None,CollectColor:10,23,900,2300,763,100,100,4691,100,100,5708,100,100,3856
428,3,22,8,West,None,ClearIce:26,23,900,3150,764,50,100,8247,88,100,8757,100,100,9149
429,3,22,9,West,None,BreakStones:10,0,80,3150,764,25,88,7931,75,100,11570,100,100,7600
430,3,22,10,West,MiniBoss,DefeatBoss:9050,28,900,9050,765,50,88,8646,38,100,8127,100,100,10572
431,3,22,11,West,None,ReachScore:4810,23,900,4810,765,62,100,6497,50,88,6233,100,100,10003
432,3,22,12,West,None,CollectColor:31,0,80,3150,766,38,88,6210,75,100,7334,100,100,7939
433,3,22,13,West,None,ClearIce:32,23,900,4150,766,25,50,8596,62,100,9396,100,100,13513
434,3,22,14,West,None,BreakStones:11,23,900,3150,767,50,75,6214,25,75,5810,100,100,6424
435,3,22,15,West,None,ReachScore:5950 + CollectColor:12 + DestroyBlight:6,23,900,5950,767,88,100,6620,75,100,6259,100,100,6328
436,3,22,16,West,None,ReachScore:2100,0,80,2100,768,75,100,3028,100,100,3550,100,100,3366
437,3,22,17,West,None,CollectColor:41,23,900,3150,768,38,88,6978,50,75,8305,100,100,9330
438,3,22,18,West,None,ClearIce:24,23,900,3150,769,75,100,7238,50,100,6037,100,100,7618
439,3,22,19,West,None,BreakStones:10,23,900,2300,769,75,100,8600,100,100,15603,100,100,17586
440,3,22,20,West,ChapterBoss,DefeatBoss:8350,28,900,8350,770,100,100,10148,88,100,10100,100,100,11284
441,3,23,1,West,None,ReachScore:850,23,900,850,740,75,88,2761,62,88,2339,100,100,3211
442,3,23,2,West,None,CollectColor:13,23,900,3050,741,100,100,5728,88,100,7037,100,100,6704
443,3,23,3,West,None,ClearIce:31,23,900,2250,741,38,50,10290,12,88,9964,100,100,17353
444,3,23,4,West,None,BreakStones:10,0,80,4200,772,38,62,4718,75,100,5529,100,100,4708
445,3,23,5,West,None,ReachScore:6000 + CollectColor:15 + DestroyBlight:12,23,900,6000,772,75,88,6368,50,100,6718,100,100,6522
446,3,23,6,West,None,ReachScore:1899,23,900,1899,773,50,62,3135,50,50,3064,100,100,5408
447,3,23,7,West,None,CollectColor:18,23,900,2300,773,100,100,5820,100,100,5637,100,100,5663
448,3,23,8,West,None,ClearIce:21,23,900,3150,774,25,88,6605,88,100,7798,100,100,4874
449,3,23,9,West,None,BreakStones:10,0,80,3150,774,25,62,5664,62,100,7126,100,100,10948
450,3,23,10,West,MiniBoss,DefeatBoss:9500,28,900,9500,775,38,62,7865,62,88,9910,100,100,10990
451,3,23,11,West,None,ReachScore:1250,23,900,1250,775,100,100,4858,100,100,4098,0,0,1186
452,3,23,12,West,None,CollectColor:25,0,80,3150,776,0,50,5189,0,75,7546,100,100,13646
453,3,23,13,West,None,ClearIce:25,23,900,4200,776,50,100,7563,88,88,6637,100,100,6074
454,3,23,14,West,None,BreakStones:11,23,900,3150,777,88,100,8846,100,100,6533,100,100,9808
455,3,23,15,West,None,ReachScore:10950 + CollectColor:16 + DestroyBlight:10,23,900,10950,777,12,62,8427,50,100,11018,100,100,12148
456,3,23,16,West,None,ReachScore:3949,0,80,3949,778,38,38,3673,0,25,2960,100,100,9908
457,3,23,17,West,None,CollectColor:38,23,900,3150,778,38,100,9809,75,100,10230,100,100,16484
458,3,23,18,West,None,ClearIce:28,23,900,3150,779,38,100,9814,62,88,9450,100,100,12032
459,3,23,19,West,None,BreakStones:9,23,900,2300,779,62,100,8339,100,100,8306,100,100,7157
460,3,23,20,West,ChapterBoss,DefeatBoss:8400,28,900,8400,780,25,75,7093,62,100,8868,100,100,8968
461,3,24,1,West,None,ReachScore:2259,23,900,2259,750,38,62,3027,62,88,3324,100,100,4724
462,3,24,2,West,None,CollectColor:22,23,900,3100,751,88,100,6515,88,100,7374,100,100,6990
463,3,24,3,West,None,ClearIce:25,23,900,2250,751,100,100,7616,100,100,7737,100,100,9025
464,3,24,4,West,None,BreakStones:10,0,80,4200,782,12,62,4847,50,88,6155,100,100,6042
465,3,24,5,West,None,ReachScore:8600 + CollectColor:11 + DestroyBlight:15,23,900,8600,782,25,62,6606,25,50,6623,0,100,8100
466,3,24,6,West,None,ReachScore:1600,23,900,1600,783,25,62,2064,25,88,2003,100,100,4091
467,3,24,7,West,None,CollectColor:13,23,900,2300,783,100,100,5783,100,100,8300,100,100,7702
468,3,24,8,West,None,ClearIce:20,23,900,3150,784,100,100,5570,62,100,6145,100,100,4531
469,3,24,9,West,None,BreakStones:10,0,80,3150,784,25,38,4727,38,50,6651,100,100,4843
470,3,24,10,West,MiniBoss,DefeatBoss:11300,28,900,11300,785,12,25,7467,62,88,11234,100,100,14196
471,3,24,11,West,None,ReachScore:2750,23,900,2750,785,50,62,3577,38,88,3595,0,0,2608
472,3,24,12,West,None,CollectColor:26,0,80,3150,786,0,0,4914,12,62,8513,100,100,12680
473,3,24,13,West,None,ClearIce:30,23,900,4200,786,50,100,7705,75,100,11879,100,100,10400
474,3,24,14,West,None,BreakStones:11,23,900,3150,787,88,100,7768,88,100,8178,100,100,10284
475,3,24,15,West,None,ReachScore:8812 + CollectColor:16 + DestroyBlight:8,23,900,8812,787,25,50,6790,25,88,7306,100,100,9858
476,3,24,16,West,None,ReachScore:2253,0,80,2253,788,50,88,2959,38,62,2403,100,100,4291
477,3,24,17,West,None,CollectColor:17,23,900,3150,788,38,100,9163,75,100,9527,100,100,7631
478,3,24,18,West,None,ClearIce:21,23,900,3200,789,75,100,7356,88,100,7039,100,100,8132
479,3,24,19,West,None,BreakStones:10,23,900,2350,789,25,88,8880,88,100,11560,100,100,7690
480,3,24,20,West,ChapterBoss,DefeatBoss:8550,28,900,8550,790,38,88,8924,75,100,9777,100,100,13191
481,3,25,1,West,None,ReachScore:3300,23,900,3300,760,25,38,3045,75,75,5241,100,100,5713
482,3,25,2,West,None,CollectColor:15,23,900,3100,761,100,100,6778,100,100,8734,100,100,5928
483,3,25,3,West,None,ClearIce:17,23,900,2300,761,100,100,8556,100,100,7893,100,100,10000
484,3,25,4,West,None,BreakStones:10,0,80,4250,792,75,100,6427,88,100,5912,100,100,6347
485,3,25,5,West,None,ReachScore:10300 + CollectColor:26 + DestroyBlight:16,23,900,10300,792,0,50,6554,25,62,9047,0,100,9735
486,3,25,6,West,None,ReachScore:2641,23,900,2641,793,50,100,3179,75,88,4981,100,100,5500
487,3,25,7,West,None,CollectColor:21,23,900,2350,793,100,100,8224,100,100,9188,100,100,13395
488,3,25,8,West,None,ClearIce:24,23,900,3200,794,50,88,7629,25,88,6194,100,100,8613
489,3,25,9,West,None,BreakStones:10,0,80,3200,794,75,88,4180,88,100,6493,100,100,7664
490,3,25,10,West,MiniBoss,DefeatBoss:11350,28,900,11350,795,38,62,9745,88,100,13053,100,100,14320
491,3,25,11,West,None,ReachScore:6200,23,900,6200,795,0,0,3638,25,38,4737,100,100,9651
492,3,25,12,West,None,CollectColor:28,0,80,3200,796,38,75,7829,75,100,8217,100,100,10546
493,3,25,13,West,None,ClearIce:34,23,900,4250,796,0,38,8165,12,62,10517,100,100,15450
494,3,25,14,West,None,BreakStones:11,23,900,3200,797,25,75,6323,38,75,5917,100,100,7597
495,3,25,15,West,None,ReachScore:7350 + CollectColor:18 + DestroyBlight:14,23,900,7350,797,62,88,9467,75,100,8576,100,100,8440
496,3,25,16,West,None,ReachScore:2350,0,80,2350,798,75,100,3318,62,75,3279,100,100,3793
497,3,25,17,West,None,CollectColor:31,23,900,3200,798,38,62,8829,62,100,10196,100,100,8938
498,3,25,18,West,None,ClearIce:30,23,900,3200,799,25,38,10196,50,88,9150,100,100,8824
499,3,25,19,West,None,BreakStones:10,23,900,2350,799,75,100,6173,100,100,5771,100,100,5235
500,3,25,20,West,ChapterBoss,DefeatBoss:8250,27,900,8250,800,50,100,8193,38,100,8740,100,100,10479
501,3,26,1,West,None,ReachScore:1995 + BreakChains:3,23,900,1995,770,0,25,1516,25,62,2220,100,100,4559
502,3,26,2,West,None,CollectColor:27,23,900,3150,771,62,100,6872,62,88,8908,100,100,12742
503,3,26,3,West,None,ClearIce:28,23,900,2300,771,50,88,7558,75,100,12295,100,100,9705
504,3,26,4,West,None,BreakStones:10 + BreakChains:12,0,79,4100,802,50,62,7189,75,100,6610,100,100,7334
505,3,26,5,West,None,ReachScore:8450 + CollectColor:14 + DestroyBlight:10,22,900,8450,802,0,12,5295,38,75,8225,0,100,8052
506,3,26,6,West,None,ReachScore:4521,22,900,4521,803,88,100,7398,75,88,7349,100,100,9003
507,3,26,7,West,None,CollectColor:27,22,900,2250,803,88,100,7227,100,100,6898,100,100,7742
508,3,26,8,West,None,ClearIce:26,22,900,3050,804,62,100,7473,62,100,8971,100,100,7222
509,3,26,9,West,None,BreakStones:10 + BreakChains:12,0,79,3050,804,62,88,5836,100,100,6280,100,100,7688
510,3,26,10,West,MiniBoss,DefeatBoss:11000,27,900,11000,805,25,38,8384,25,62,8245,100,100,14420
511,3,26,11,West,None,ReachScore:2750,22,900,2750,805,12,38,2416,50,75,3594,100,100,6725
512,3,26,12,West,None,CollectColor:41,0,79,3050,806,25,75,9060,75,100,12125,100,100,28398
513,3,26,13,West,None,ClearIce:27,22,900,4100,806,50,75,6387,100,100,7863,100,100,6584
514,3,26,14,West,None,BreakStones:10 + BreakChains:12,22,900,3050,807,62,88,7872,62,88,5929,100,100,7077
515,3,26,15,West,None,ReachScore:5150 + CollectColor:10 + DestroyBlight:8,22,900,5150,807,62,100,6098,75,100,5518,100,100,5817
516,3,26,16,West,None,ReachScore:1900,0,79,1900,808,38,62,2024,88,100,3521,100,100,3405
517,3,26,17,West,None,CollectColor:31,22,900,3050,808,50,100,7159,50,100,8871,100,100,8841
518,3,26,18,West,None,ClearIce:25,22,900,3100,809,50,88,7974,62,100,9034,100,100,9192
519,3,26,19,West,None,BreakStones:9 + BreakChains:12,22,900,2250,809,38,100,9234,100,100,9490,100,100,9462
520,3,26,20,West,ChapterBoss,DefeatBoss:8300,27,900,8300,810,62,75,8948,75,100,8772,100,100,9806
521,3,27,1,West,None,ReachScore:1000,23,900,1000,780,62,88,2372,88,100,3277,100,100,3386
522,3,27,2,West,None,CollectColor:23,23,900,3150,781,75,100,8643,88,100,10134,100,100,11144
523,3,27,3,West,None,ClearIce:26,23,900,2300,781,50,100,7518,100,100,9101,100,100,8667
524,3,27,4,West,None,BreakStones:9 + BreakChains:12,0,79,4100,812,100,100,6530,100,100,6700,100,100,4561
525,3,27,5,West,None,ReachScore:8600 + CollectColor:19 + DestroyBlight:13,22,900,8600,812,12,38,6410,12,50,7485,0,100,8215
526,3,27,6,West,None,ReachScore:1900,22,900,1900,813,38,62,3008,88,100,4966,100,100,3938
527,3,27,7,West,None,CollectColor:23,22,900,2250,813,100,100,7057,100,100,8035,100,100,6815
528,3,27,8,West,None,ClearIce:24,22,900,3100,814,75,88,7593,88,100,7602,100,100,6714
529,3,27,9,West,None,BreakStones:10 + BreakChains:12,0,79,3100,814,25,50,6117,62,75,8030,100,100,10578
530,3,27,10,West,MiniBoss,DefeatBoss:11100,27,900,11100,815,38,75,10549,38,100,10544,100,100,12679
531,3,27,11,West,None,ReachScore:1716,22,900,1716,815,75,100,3440,75,100,3275,100,100,3871
532,3,27,12,West,None,CollectColor:31,0,79,3100,816,38,62,9580,50,88,10804,100,100,13045
533,3,27,13,West,None,ClearIce:35,22,900,4100,816,12,50,9971,25,62,12025,100,100,15840
534,3,27,14,West,None,BreakStones:11 + BreakChains:12,22,900,3100,817,38,100,6173,88,100,5521,100,100,11780
535,3,27,15,West,None,ReachScore:8750 + CollectColor:16 + DestroyBlight:10,22,900,8750,817,38,88,9339,50,100,8720,100,100,10120
536,3,27,16,West,None,ReachScore:1350,0,79,1350,818,62,75,2011,50,88,1884,100,100,2803
537,3,27,17,West,None,CollectColor:23,22,900,3100,818,25,75,7222,38,88,8005,100,100,10112
538,3,27,18,West,None,ClearIce:31,22,900,3100,819,12,38,6495,50,75,7951,100,100,7457
539,3,27,19,West,None,BreakStones:9 + BreakChains:10,22,900,2300,819,62,88,6807,38,88,7033,100,100,8439
540,3,27,20,West,ChapterBoss,DefeatBoss:8350,27,900,8350,820,12,88,7062,62,100,7915,100,100,9801
541,3,28,1,West,None,ReachScore:2262,23,900,2262,790,38,75,3648,25,50,2809,100,100,5056
542,3,28,2,West,None,CollectColor:23,23,900,3200,791,88,100,6103,88,100,9674,100,100,6204
543,3,28,3,West,None,ClearIce:33,23,900,2350,791,0,25,10213,25,62,9664,100,100,12812
544,3,28,4,West,None,BreakStones:10 + BreakChains:12,0,79,4150,822,88,100,6061,88,100,6463,100,100,6647
545,3,28,5,West,None,ReachScore:6200 + CollectColor:11 + DestroyBlight:11,22,900,6200,822,25,50,5646,38,100,5885,0,100,5844
546,3,28,6,West,None,ReachScore:2088,22,900,2088,823,12,62,1904,88,100,5447,100,100,6689
547,3,28,7,West,None,CollectColor:28,22,900,2300,823,38,100,6588,100,100,9047,100,100,8341
548,3,28,8,West,None,ClearIce:26,22,900,3100,824,88,100,5927,88,100,6903,100,100,7080
549,3,28,9,West,None,BreakStones:10 + BreakChains:12,0,79,3100,824,25,75,5057,62,88,6856,100,100,6202
550,3,28,10,West,MiniBoss,DefeatBoss:11150,27,900,11150,825,0,12,7251,25,62,9030,100,100,13716
551,3,28,11,West,None,ReachScore:5210,22,900,5210,825,25,25,4723,50,75,6909,100,100,7185
552,3,28,12,West,None,CollectColor:27,0,79,3100,826,25,62,6265,75,100,8362,100,100,14851
553,3,28,13,West,None,ClearIce:28,22,900,4150,826,75,88,13231,12,75,7234,100,100,10820
554,3,28,14,West,None,BreakStones:10 + BreakChains:12,22,900,3150,827,38,88,5587,75,100,6956,100,100,15472
555,3,28,15,West,None,ReachScore:8191 + CollectColor:12 + DestroyBlight:10,22,900,8191,827,38,50,7263,62,88,8351,100,100,11284
556,3,28,16,West,None,ReachScore:2170,0,79,2170,828,75,75,3035,50,88,2659,100,100,4566
557,3,28,17,West,None,CollectColor:27,22,900,3150,828,88,100,6483,88,100,7006,100,100,8383
558,3,28,18,West,None,ClearIce:26,22,900,3150,829,25,75,5993,62,75,6189,100,100,7220
559,3,28,19,West,None,BreakStones:9 + BreakChains:10,22,900,2300,829,62,100,8705,88,100,8076,100,100,9983
560,3,28,20,West,ChapterBoss,DefeatBoss:8400,27,900,8400,830,38,75,7338,50,88,8857,100,100,9860
561,3,29,1,West,None,ReachScore:1150,22,900,1150,800,75,88,3066,50,88,2327,100,100,3380
562,3,29,2,West,None,CollectColor:21,22,900,3050,801,100,100,7162,100,100,9142,100,100,8626
563,3,29,3,West,None,ClearIce:34,22,900,2250,801,12,50,8253,12,25,9669,100,100,13622
564,3,29,4,West,None,BreakStones:10 + BreakChains:12,0,79,4150,832,25,88,6577,100,100,6705,100,100,9758
565,3,29,5,West,None,ReachScore:9450 + CollectColor:16 + DestroyBlight:10,22,900,9450,832,12,88,7088,12,75,8549,0,100,8926
566,3,29,6,West,None,ReachScore:2683,22,900,2683,833,50,50,4085,75,100,4198,100,100,5081
567,3,29,7,West,None,CollectColor:22,22,900,2300,833,100,100,7677,88,100,9503,100,100,19388
568,3,29,8,West,None,ClearIce:31,22,900,2900,834,12,50,8438,12,62,8601,100,100,10743
569,3,29,9,West,None,BreakStones:9 + BreakChains:13,0,79,2900,834,75,100,5808,88,100,5447,100,100,5653
570,3,29,10,West,MiniBoss,DefeatBoss:11200,27,900,11200,835,25,25,8715,50,88,11126,100,100,13183
571,3,29,11,West,None,ReachScore:2000,22,900,2000,835,62,75,3998,50,62,3280,0,0,1909
572,3,29,12,West,None,CollectColor:32,0,79,2950,836,38,88,8279,50,100,8092,100,100,11713
573,3,29,13,West,None,ClearIce:25,22,900,4200,836,75,100,6229,100,100,7278,100,100,5723
574,3,29,14,West,None,BreakStones:11 + BreakChains:12,22,900,2950,837,0,12,6696,0,25,8060,100,100,10636
575,3,29,15,West,None,ReachScore:8900 + CollectColor:18 + DestroyBlight:11,22,900,8900,837,12,75,7371,38,75,9578,100,100,9466
576,3,29,16,West,None,ReachScore:2096,0,79,2096,838,75,88,3191,62,88,2728,100,100,3791
577,3,29,17,West,None,CollectColor:19,22,900,2950,838,62,100,5599,100,100,8062,100,100,6011
578,3,29,18,West,None,ClearIce:26,22,900,2950,839,38,88,6730,100,100,8195,100,100,8326
579,3,29,19,West,None,BreakStones:9 + BreakChains:13,22,900,2300,839,50,75,8155,25,100,8187,100,100,7748
580,3,29,20,West,ChapterBoss,DefeatBoss:7900,27,900,7900,840,50,100,7663,100,100,9730,100,100,13112
581,3,30,1,West,None,ReachScore:4850,22,900,4850,810,0,50,2662,50,75,5273,100,100,6800
582,3,30,2,West,None,CollectColor:10,22,900,3100,811,100,100,5040,100,100,6295,100,100,6552
583,3,30,3,West,None,ClearIce:33,22,900,2250,811,0,38,9083,38,50,10502,100,100,13750
584,3,30,4,West,None,BreakStones:10 + BreakChains:13,0,78,4200,842,38,100,5888,75,100,7488,100,100,6083
585,3,30,5,West,None,ReachScore:7450 + CollectColor:40 + DestroyBlight:15,22,900,7450,842,0,0,6442,0,0,6020,100,100,29970
586,3,30,6,West,None,ReachScore:5202,22,900,5202,843,25,62,4098,38,75,5113,100,100,8265
587,3,30,7,West,None,CollectColor:27,22,900,2300,843,100,100,9451,100,100,10188,100,100,13888
588,3,30,8,West,None,ClearIce:20,22,900,2950,844,62,100,4920,62,100,5423,100,100,4977
589,3,30,9,West,None,BreakStones:10 + BreakChains:13,0,78,2950,844,88,100,9961,100,100,11031,100,100,8820
590,3,30,10,West,MiniBoss,DefeatBoss:11350,27,900,11350,845,12,38,7286,25,75,9750,100,100,15600
591,3,30,11,West,None,ReachScore:1950,22,900,1950,845,25,38,1996,62,100,3431,100,100,4559
592,3,30,12,West,None,CollectColor:27,0,78,2950,846,12,75,7302,50,75,9873,100,100,12688
593,3,30,13,West,None,ClearIce:27,22,900,4200,846,62,100,7722,100,100,8815,100,100,8434
594,3,30,14,West,None,BreakStones:11 + BreakChains:13,22,900,2950,847,50,75,6154,75,100,7570,100,100,4434
595,3,30,15,West,None,ReachScore:7250 + CollectColor:12 + DestroyBlight:10,22,900,7250,847,25,50,5981,38,88,6537,100,100,7853
596,3,30,16,West,None,ReachScore:1200,0,78,1200,848,62,100,1739,75,88,2126,100,100,2792
597,3,30,17,West,None,CollectColor:22,22,900,2950,848,50,100,6308,38,88,8095,100,100,9260
598,3,30,18,West,None,ClearIce:31,22,900,2950,849,50,88,8522,62,100,9193,100,100,11753
599,3,30,19,West,None,BreakStones:10 + BreakChains:13,22,900,2300,849,75,100,9520,62,100,10266,100,100,11333
600,3,30,20,West,ActBoss,DefeatBoss:6550,27,900,6550,850,75,100,7189,75,100,8533,100,100,9621
601,4,31,1,South,None,ReachScore:1550,22,900,1550,820,88,100,3582,88,100,5477,100,100,3405
602,4,31,2,South,None,CollectColor:12,22,900,3100,821,100,100,3484,100,100,3846,100,100,3187
603,4,31,3,South,None,ClearIce:26,22,900,2300,821,50,75,11193,62,100,9372,100,100,10816
604,4,31,4,South,None,BreakStones:10 + BreakChains:13,0,78,4200,852,38,88,6069,38,100,6725,100,100,7428
605,4,31,5,South,None,ReachScore:7800 + CollectColor:23 + DestroyBlight:15,22,900,7800,852,0,50,6292,25,88,6385,100,100,8664
606,4,31,6,South,None,ReachScore:5698,22,900,5698,853,0,25,2925,12,25,4030,100,100,6934
607,4,31,7,South,None,CollectColor:17,22,900,2300,853,75,100,7064,88,100,9030,100,100,9828
608,4,31,8,South,None,ClearIce:23,22,900,2950,854,75,88,6878,75,100,6754,100,100,6926
609,4,31,9,South,None,BreakStones:10 + BreakChains:13,0,78,2950,854,12,75,5379,88,88,7451,100,100,6195
610,4,31,10,South,MiniBoss,DefeatBoss:11400,27,900,11400,855,38,62,10236,38,62,10750,100,100,14432
611,4,31,11,South,None,ReachScore:2450,22,900,2450,855,75,100,3843,62,88,3402,0,0,2333
612,4,31,12,South,None,CollectColor:19,0,78,2950,856,50,75,6019,75,100,6169,100,100,5931
613,4,31,13,South,None,ClearIce:36,22,900,4250,856,12,38,7050,25,75,10305,100,100,9403
614,4,31,14,South,None,BreakStones:9 + BreakChains:13,22,900,2950,857,38,88,5881,88,100,6576,100,100,9739
615,4,31,15,South,None,ReachScore:8288 + CollectColor:19 + DestroyBlight:13,22,900,8288,857,38,88,7751,38,75,7098,100,100,9038
616,4,31,16,South,None,ReachScore:1577,0,78,1577,858,25,88,1420,88,100,2689,100,100,3202
617,4,31,17,South,None,CollectColor:35,22,900,2950,858,0,50,8409,12,50,9561,100,100,12508
618,4,31,18,South,None,ClearIce:21,22,900,2950,859,88,100,7214,100,100,7601,100,100,8708
619,4,31,19,South,None,BreakStones:9 + BreakChains:13,22,900,2350,859,62,100,8252,62,100,7955,100,100,7500
620,4,31,20,South,ChapterBoss,DefeatBoss:8050,27,900,8050,860,62,100,8308,88,100,9731,100,100,11662
621,4,32,1,South,None,ReachScore:3723,22,900,3723,830,38,50,5265,38,62,3767,100,100,6901
622,4,32,2,South,None,CollectColor:13,22,900,3150,831,100,100,5602,88,100,5866,100,100,6583
623,4,32,3,South,None,ClearIce:28,22,900,2300,831,38,75,6797,88,100,6569,100,100,7121
624,4,32,4,South,None,BreakStones:10 + BreakChains:13,0,78,4250,862,88,100,7403,88,100,7533,100,100,10063
625,4,32,5,South,None,ReachScore:12700 + CollectColor:22 + DestroyBlight:14,22,900,12700,862,0,12,7053,25,25,8876,0,100,11976
626,4,32,6,South,None,ReachScore:2100,22,900,2100,863,38,75,2420,38,75,2446,100,100,4004
627,4,32,7,South,None,CollectColor:36,22,900,2350,863,25,100,9937,88,100,13087,100,100,14524
628,4,32,8,South,None,ClearIce:28,22,900,3000,864,50,88,8884,62,100,8866,100,100,6651
629,4,32,9,South,None,BreakStones:10 + BreakChains:13,0,78,3000,864,62,100,6881,75,100,6924,100,100,5234
630,4,32,10,South,MiniBoss,DefeatBoss:11450,27,900,11450,865,25,75,11452,50,88,11532,100,100,12666
631,4,32,11,South,None,ReachScore:2900,22,900,2900,865,25,38,2757,12,38,2070,0,0,2760
632,4,32,12,South,None,CollectColor:25,0,78,3000,866,0,25,5760,25,50,6457,100,100,7155
633,4,32,13,South,None,ClearIce:31,22,900,4250,866,38,62,8671,50,88,8353,100,100,9335
634,4,32,14,South,None,BreakStones:11 + BreakChains:13,22,900,3000,867,38,88,7937,62,88,7380,100,100,12114
635,4,32,15,South,None,ReachScore:9100 + CollectColor:10 + DestroyBlight:14,22,900,9100,867,12,50,7490,25,38,8300,100,100,10081
636,4,32,16,South,None,ReachScore:7198,0,78,7198,868,25,25,5149,25,38,4797,100,100,9982
637,4,32,17,South,None,CollectColor:23,22,900,3000,868,38,88,5398,25,100,6716,100,100,8262
638,4,32,18,South,None,ClearIce:27,22,900,3000,869,62,100,7883,50,100,8474,100,100,11436
639,4,32,19,South,None,BreakStones:10 + BreakChains:12,22,900,2350,869,100,100,8011,88,100,7541,100,100,7533
640,4,32,20,South,ChapterBoss,DefeatBoss:8050,27,900,8050,870,62,100,8810,88,100,9858,100,100,13737
641,4,33,1,South,None,ReachScore:2720,22,900,2720,840,50,75,3305,62,88,4064,100,100,4965
642,4,33,2,South,None,CollectColor:8,22,900,2950,841,100,100,6096,100,100,4396,100,100,5238
643,4,33,3,South,None,ClearIce:26,22,900,2300,841,50,75,6602,38,100,7190,100,100,8003
644,4,33,4,South,None,BreakStones:9 + BreakChains:13,0,78,4300,872,25,50,4896,75,100,6458,100,100,7258
645,4,33,5,South,None,ReachScore:8550 + CollectColor:17 + DestroyBlight:7,22,900,8550,872,0,25,6384,38,88,8889,0,100,8065
646,4,33,6,South,None,ReachScore:1150,22,900,1150,873,38,75,1718,75,75,2871,100,100,3106
647,4,33,7,South,None,CollectColor:16,22,900,2350,873,88,100,6088,100,100,6731,100,100,8104
648,4,33,8,South,None,ClearIce:22,22,900,3000,874,100,100,8512,88,100,6798,100,100,4624
649,4,33,9,South,None,BreakStones:9 + BreakChains:13,0,78,3000,874,88,88,5769,100,100,6965,100,100,11009
650,4,33,10,South,MiniBoss,DefeatBoss:6900,27,900,6900,875,62,88,7305,88,100,8153,100,100,7844
651,4,33,11,South,None,ReachScore:2050,22,900,2050,875,62,75,3004,50,88,2880,100,100,4121
652,4,33,12,South,None,CollectColor:18,0,78,3000,876,50,88,5109,88,100,6648,100,100,6505
653,4,33,13,South,None,ClearIce:31,22,900,4300,876,62,75,7328,88,100,7116,100,100,9169
654,4,33,14,South,None,BreakStones:9 + BreakChains:12,22,900,3000,877,62,100,7405,88,100,7816,100,100,8978
655,4,33,15,South,None,ReachScore:11237 + CollectColor:15 + DestroyBlight:11,22,900,11237,877,62,88,12370,25,88,9622,100,100,12363
656,4,33,16,South,None,ReachScore:5641,0,78,5641,878,25,50,4465,12,62,3129,100,100,7589
657,4,33,17,South,None,CollectColor:34,22,900,3000,878,0,38,10351,0,50,9433,100,100,12037
658,4,33,18,South,None,ClearIce:28,22,900,3000,879,50,75,9069,50,88,7649,100,100,9519
659,4,33,19,South,None,BreakStones:9 + BreakChains:13,22,900,2350,879,25,88,7094,88,100,6813,100,100,14496
660,4,33,20,South,ChapterBoss,DefeatBoss:8100,27,900,8100,880,100,100,10244,62,100,10045,100,100,8935
661,4,34,1,South,None,ReachScore:2025,22,900,2025,850,25,50,2288,62,88,3172,100,100,4377
662,4,34,2,South,None,CollectColor:25,22,900,2950,851,100,100,6155,100,100,6448,100,100,7070
663,4,34,3,South,None,ClearIce:31,22,900,2300,851,25,75,7160,38,88,6865,100,100,10653
664,4,34,4,South,None,BreakStones:10 + BreakChains:13,0,77,4300,882,62,62,6487,75,100,7870,100,100,7869
665,4,34,5,South,None,ReachScore:11050 + CollectColor:33 + DestroyBlight:17,22,900,11050,882,0,25,7575,12,50,12258,100,100,14906
666,4,34,6,South,None,ReachScore:991,22,900,991,883,50,100,2073,88,100,3160,100,100,3608
667,4,34,7,South,None,CollectColor:25,22,900,2400,883,50,100,7260,75,100,8148,100,100,11996
668,4,34,8,South,None,ClearIce:28,22,900,3000,884,38,88,7114,50,88,7903,100,100,12826
669,4,34,9,South,None,BreakStones:10 + BreakChains:13,0,77,3000,884,12,25,5732,50,75,8183,100,100,5194
670,4,34,10,South,MiniBoss,DefeatBoss:10450,27,900,10450,885,25,75,9423,38,75,9475,100,100,10865
671,4,34,11,South,None,ReachScore:7550,22,900,7550,885,38,38,6783,12,12,4472,100,100,8888
672,4,34,12,South,None,CollectColor:36,0,77,3000,886,0,12,6504,38,50,8088,100,100,14247
673,4,34,13,South,None,ClearIce:30,22,900,4300,886,25,75,7531,12,75,6646,100,100,10029
674,4,34,14,South,None,BreakStones:10 + BreakChains:12,22,900,3000,887,25,75,5839,62,100,4752,100,100,4381
675,4,34,15,South,None,ReachScore:7867 + CollectColor:12 + DestroyBlight:12,22,900,7867,887,75,100,8743,75,100,8639,100,100,12050
676,4,34,16,South,None,ReachScore:5989,0,77,5989,888,25,50,4365,25,50,4345,100,100,7424
677,4,34,17,South,None,CollectColor:30,22,900,3000,888,75,100,10420,88,100,9806,100,100,15572
678,4,34,18,South,None,ClearIce:29,22,900,3000,889,38,100,6234,62,75,6720,100,100,9543
679,4,34,19,South,None,BreakStones:9 + BreakChains:11,22,900,2400,889,100,100,6487,75,88,7153,100,100,8309
680,4,34,20,South,ChapterBoss,DefeatBoss:8150,27,900,8150,890,62,88,8028,50,88,8990,100,100,9570
681,4,35,1,South,None,ReachScore:1998,22,900,1998,860,62,75,2974,62,88,2948,100,100,5414
682,4,35,2,South,None,CollectColor:19,22,900,2950,861,75,100,5908,88,100,6088,100,100,7652
683,4,35,3,South,None,ClearIce:28,22,900,2350,861,38,75,7734,75,100,8388,100,100,9134
684,4,35,4,South,None,BreakStones:10 + BreakChains:13,0,77,4350,892,50,62,6053,62,75,15872,100,100,8250
685,4,35,5,South,None,ReachScore:7150 + CollectColor:11 + DestroyBlight:12,22,900,7150,892,50,88,6933,12,88,5785,0,100,6736
686,4,35,6,South,None,ReachScore:1510,22,900,1510,893,50,88,2195,38,75,2134,100,100,5202
687,4,35,7,South,None,CollectColor:21,22,900,2400,893,12,88,6228,38,88,7989,100,100,13306
688,4,35,8,South,None,ClearIce:28,22,900,3050,894,25,62,6832,62,100,6683,100,100,11420
689,4,35,9,South,None,BreakStones:10 + BreakChains:13,0,77,3050,894,25,38,7621,50,62,8651,100,100,7550
690,4,35,10,South,MiniBoss,DefeatBoss:11700,27,900,11700,895,25,88,9048,12,88,9575,100,100,16710
691,4,35,11,South,None,ReachScore:2600,22,900,2600,895,50,75,3443,50,75,3480,0,0,2446
692,4,35,12,South,None,CollectColor:16,0,77,3050,896,50,88,5504,62,100,5084,100,100,6310
693,4,35,13,South,None,ClearIce:29,22,900,4350,896,62,100,8822,88,100,8614,100,100,12187
694,4,35,14,South,None,BreakStones:11 + BreakChains:13,22,900,3050,897,25,75,8368,50,88,7130,100,100,7110
695,4,35,15,South,None,ReachScore:9259 + CollectColor:8 + DestroyBlight:14,22,900,9259,897,12,75,7358,50,88,9052,100,100,11549
696,4,35,16,South,None,ReachScore:1496,0,77,1496,898,88,100,3259,88,100,2676,100,100,3933
697,4,35,17,South,None,CollectColor:13,22,900,3050,898,100,100,5133,100,100,6258,100,100,4304
698,4,35,18,South,None,ClearIce:22,22,900,3050,899,100,100,5582,100,100,5672,100,100,4218
699,4,35,19,South,None,BreakStones:9 + BreakChains:13,22,900,2400,899,62,88,8348,25,100,6863,100,100,7461
700,4,35,20,South,ChapterBoss,DefeatBoss:7900,26,900,7900,900,75,100,9136,100,100,9338,100,100,10352
701,4,36,1,South,None,ReachScore:3855,22,900,3855,870,12,50,3078,75,88,5918,100,100,6415
702,4,36,2,South,None,CollectColor:17,22,900,3000,870,88,100,8991,88,100,5994,100,100,9564
703,4,36,3,South,None,ClearIce:30,22,900,2350,871,12,75,8882,50,75,10437,100,100,14745
704,4,36,4,South,None,BreakStones:10 + BreakChains:13,0,77,4150,901,50,100,4930,100,100,7629,100,100,7146
705,4,36,5,South,None,ReachScore:8250 + CollectColor:13 + DestroyBlight:12,21,900,8250,901,0,38,5383,25,50,6968,0,100,7774
706,4,36,6,South,None,ReachScore:1400,21,900,1400,902,38,75,2232,88,100,3178,100,100,3245
707,4,36,7,South,None,CollectColor:13,21,900,2300,902,100,100,7189,100,100,7322,100,100,8927
708,4,36,8,South,None,ClearIce:25,21,900,2900,902,88,100,8625,88,100,10432,100,100,8046
709,4,36,9,South,None,BreakStones:10 + BreakChains:13,0,77,2900,903,62,100,7880,75,100,7440,100,100,11789
710,4,36,10,South,MiniBoss,DefeatBoss:11350,26,900,11350,903,12,62,7602,25,62,9736,100,100,13872
711,4,36,11,South,None,ReachScore:1650,21,900,1650,903,38,38,2094,12,75,1299,0,0,1560
712,4,36,12,South,None,CollectColor:34,0,77,2900,904,0,12,7127,0,50,7357,100,100,16075
713,4,36,13,South,None,ClearIce:35,21,900,4150,904,12,38,9137,12,75,7226,100,100,6805
714,4,36,14,South,None,BreakStones:11 + BreakChains:13,21,900,2900,904,12,50,7479,38,38,7237,100,100,8961
715,4,36,15,South,None,ReachScore:6058 + CollectColor:15 + DestroyBlight:15,21,900,6058,905,50,75,6525,50,100,8839,100,100,8039
716,4,36,16,South,None,ReachScore:1635,0,77,1635,905,38,75,1794,75,100,2472,100,100,2907
717,4,36,17,South,None,CollectColor:31,21,900,2900,905,12,62,6371,25,88,6435,100,100,10408
718,4,36,18,South,None,ClearIce:26,21,900,2900,906,75,75,6081,75,100,6527,100,100,13260
719,4,36,19,South,None,BreakStones:9 + BreakChains:13,21,900,2300,906,100,100,6992,88,100,6389,100,100,6495
720,4,36,20,South,ChapterBoss,DefeatBoss:7900,26,900,7900,906,62,75,7963,38,88,8208,100,100,9890
721,4,37,1,South,None,ReachScore:1000,22,900,1000,877,100,100,3451,75,100,2831,100,100,2964
722,4,37,2,South,None,CollectColor:16,22,900,3000,877,38,88,5012,62,100,7707,100,100,10116
723,4,37,3,South,None,ClearIce:33,22,900,2350,877,0,0,6321,0,12,7501,100,100,9571
724,4,37,4,South,None,BreakStones:10 + BreakChains:13,0,77,4200,908,25,62,8288,62,100,9834,100,100,14423
725,4,37,5,South,None,ReachScore:7200 + CollectColor:18 + DestroyBlight:8,21,900,7200,908,12,75,5949,12,62,7128,0,100,6897
726,4,37,6,South,None,ReachScore:750,21,900,750,908,75,100,2282,88,100,2298,100,100,2660
727,4,37,7,South,None,CollectColor:16,21,900,2300,909,38,100,6032,88,100,8085,100,100,7716
728,4,37,8,South,None,ClearIce:26,21,900,2950,909,75,100,8872,100,100,10474,100,100,8848
729,4,37,9,South,None,BreakStones:9 + BreakChains:13,0,77,2950,909,50,100,5520,50,100,5951,100,100,7395
730,4,37,10,South,MiniBoss,DefeatBoss:11400,26,900,11400,910,25,75,9345,38,75,10657,100,100,14252
731,4,37,11,South,None,ReachScore:3050,21,900,3050,910,25,62,2938,75,100,4409,100,100,4770
732,4,37,12,South,None,CollectColor:37,0,77,2950,910,0,0,6112,0,25,7658,100,100,19949
733,4,37,13,South,None,ClearIce:37,21,900,4200,911,12,38,12421,25,50,13948,100,100,15663
734,4,37,14,South,None,BreakStones:11 + BreakChains:13,21,900,2950,911,62,88,7340,75,100,7570,100,100,7002
735,4,37,15,South,None,ReachScore:8030 + CollectColor:19 + DestroyBlight:11,21,900,8030,911,25,38,6926,62,100,8811,100,100,9042
736,4,37,16,South,None,ReachScore:3378,0,77,3378,912,25,50,2504,12,62,2490,100,100,4670
737,4,37,17,South,None,CollectColor:27,21,900,2950,912,12,88,7304,0,50,8590,100,100,21196
738,4,37,18,South,None,ClearIce:27,21,900,2950,912,62,100,8373,88,100,8077,100,100,9732
739,4,37,19,South,None,BreakStones:9 + BreakChains:13,21,900,2300,913,0,38,7234,25,75,8278,100,100,9571
740,4,37,20,South,ChapterBoss,DefeatBoss:8000,26,900,8000,913,25,100,7204,62,100,9091,100,100,9158
741,4,38,1,South,None,ReachScore:1255,22,900,1255,883,88,100,2909,75,88,2991,100,100,3516
742,4,38,2,South,None,CollectColor:28,22,900,3000,884,88,100,7528,100,100,7556,100,100,9993
743,4,38,3,South,None,ClearIce:29,22,900,2400,884,38,88,8126,75,100,10143,100,100,14535
744,4,38,4,South,None,BreakStones:10 + BreakChains:12,0,77,4200,914,50,88,5575,62,100,7807,100,100,8785
745,4,38,5,South,None,ReachScore:8300 + CollectColor:23 + DestroyBlight:6,21,900,8300,915,25,38,7046,12,62,6184,0,100,7828
746,4,38,6,South,None,ReachScore:3039,21,900,3039,915,50,62,3408,75,100,4461,100,100,4743
747,4,38,7,South,None,CollectColor:20,21,900,2300,915,62,88,8576,75,100,10662,100,100,13740
748,4,38,8,South,None,ClearIce:33,21,900,2950,916,0,38,6827,12,50,8901,100,100,16259
749,4,38,9,South,None,BreakStones:10 + BreakChains:13,0,77,2950,916,38,100,5643,75,100,7872,100,100,5531
750,4,38,10,South,MiniBoss,DefeatBoss:10350,26,900,10350,916,25,62,8293,12,75,7857,100,100,11351
751,4,38,11,South,None,ReachScore:4850,21,900,4850,917,25,38,3573,12,38,3571,100,100,6362
752,4,38,12,South,None,CollectColor:34,0,77,2950,917,0,38,6175,38,62,9770,100,100,12365
753,4,38,13,South,None,ClearIce:20,21,900,4200,917,75,100,6411,100,100,6426,100,100,6472
754,4,38,14,South,None,BreakStones:11 + BreakChains:13,21,900,2950,918,62,75,8204,50,88,9151,100,100,10747
755,4,38,15,South,None,ReachScore:7448 + CollectColor:10 + DestroyBlight:12,21,900,7448,918,38,100,7054,75,88,8215,100,100,9312
756,4,38,16,South,None,ReachScore:900,0,77,900,918,75,100,2051,88,100,2368,100,100,1956
757,4,38,17,South,None,CollectColor:23,21,900,2950,919,25,75,7749,38,100,9266,100,100,9947
758,4,38,18,South,None,ClearIce:30,21,900,2950,919,38,62,6971,38,88,7378,100,100,10060
759,4,38,19,South,None,BreakStones:8 + BreakChains:13,21,900,2300,919,62,88,9420,75,100,9656,100,100,9337
760,4,38,20,South,ChapterBoss,DefeatBoss:8000,26,900,8000,920,50,88,8544,62,100,8047,100,100,9565
761,4,39,1,South,None,ReachScore:3764,22,900,3764,890,38,38,3412,88,100,5459,100,100,6855
762,4,39,2,South,None,CollectColor:17,22,900,3050,890,100,100,6411,100,100,5973,100,100,5483
763,4,39,3,South,None,ClearIce:25,22,900,2400,891,88,100,8576,100,100,6954,100,100,5728
764,4,39,4,South,None,BreakStones:10 + BreakChains:13,0,76,4200,921,12,25,6554,38,75,7305,100,100,8417
765,4,39,5,South,None,ReachScore:9700 + CollectColor:17 + DestroyBlight:15,21,900,9700,921,0,25,6237,25,75,7259,0,100,9107
766,4,39,6,South,None,ReachScore:945,21,900,945,922,50,75,1685,75,88,2386,100,100,2714
767,4,39,7,South,None,CollectColor:13,21,900,2300,922,100,100,7840,100,100,7633,100,100,5815
768,4,39,8,South,None,ClearIce:16,21,900,2950,922,100,100,6034,100,100,5183,100,100,4270
769,4,39,9,South,None,BreakStones:9 + BreakChains:13,0,76,2950,923,50,100,7823,88,100,6969,100,100,8837
770,4,39,10,South,MiniBoss,DefeatBoss:11450,26,900,11450,923,25,50,9266,25,88,10015,100,100,13266
771,4,39,11,South,None,ReachScore:2250,21,900,2250,923,38,38,2420,50,62,2911,0,0,2108
772,4,39,12,South,None,CollectColor:18,0,76,2950,924,12,62,4428,88,100,6480,100,100,7135
773,4,39,13,South,None,ClearIce:31,21,900,4200,924,75,100,8841,88,100,8576,100,100,10238
774,4,39,14,South,None,BreakStones:11 + BreakChains:11,21,900,2950,924,38,75,7400,50,100,7397,100,100,9038
775,4,39,15,South,None,ReachScore:10239 + CollectColor:17 + DestroyBlight:12,21,900,10239,925,12,62,10310,62,88,10673,100,100,15731
776,4,39,16,South,None,ReachScore:1450,0,76,1450,925,25,50,2266,38,88,1859,100,100,2705
777,4,39,17,South,None,CollectColor:19,21,900,2950,925,38,88,6467,25,100,7122,100,100,9209
778,4,39,18,South,None,ClearIce:26,21,900,2950,926,38,75,8414,75,88,8259,100,100,11713
779,4,39,19,South,None,BreakStones:9 + BreakChains:10,21,900,2300,926,50,88,9758,88,100,7991,100,100,6388
780,4,39,20,South,ChapterBoss,DefeatBoss:8050,26,900,8050,926,100,100,9955,88,100,10313,100,100,9618
781,4,40,1,South,None,ReachScore:2749,22,900,2749,897,50,88,3311,62,100,3749,100,100,7198
782,4,40,2,South,None,CollectColor:15,22,900,3050,897,75,100,7663,75,100,7658,100,100,10376
783,4,40,3,South,None,ClearIce:36,22,900,2400,897,12,38,9953,38,50,12320,100,100,12753
784,4,40,4,South,None,BreakStones:9 + BreakChains:13,0,76,4250,928,38,75,6341,88,100,7158,100,100,11805
785,4,40,5,South,None,ReachScore:6400 + CollectColor:14 + DestroyBlight:10,21,900,6400,928,12,75,5067,0,88,5080,0,100,5969
786,4,40,6,South,None,ReachScore:1624,21,900,1624,928,88,100,3325,38,88,2196,100,100,6114
787,4,40,7,South,None,CollectColor:17,21,900,2350,929,100,100,5987,100,100,6116,100,100,5588
788,4,40,8,South,None,ClearIce:21,21,900,2950,929,100,100,5907,100,100,5528,100,100,5417
789,4,40,9,South,None,BreakStones:10 + BreakChains:13,0,76,2950,929,50,88,4647,50,100,7499,100,100,6758
790,4,40,10,South,MiniBoss,DefeatBoss:11500,26,900,11500,930,12,62,8618,12,38,8789,100,100,13715
791,4,40,11,South,None,ReachScore:1969,21,900,1969,930,38,62,2650,50,88,2931,100,100,4082
792,4,40,12,South,None,CollectColor:45,0,76,2950,930,0,0,6060,0,25,8844,100,100,17039
793,4,40,13,South,None,ClearIce:36,21,900,4250,931,50,100,8567,62,100,10548,100,100,8766
794,4,40,14,South,None,BreakStones:11 + BreakChains:11,21,900,2950,931,25,75,6572,38,62,6875,100,100,6694
795,4,40,15,South,None,ReachScore:7988 + CollectColor:12 + DestroyBlight:10,21,900,7988,931,62,100,7612,12,75,5960,100,100,10296
796,4,40,16,South,None,ReachScore:1150,0,76,1150,932,62,100,1782,88,100,2036,100,100,2254
797,4,40,17,South,None,CollectColor:20,21,900,2950,932,100,100,6006,100,100,5256,100,100,3783
798,4,40,18,South,None,ClearIce:19,21,900,2950,932,100,100,5732,100,100,6032,100,100,6306
799,4,40,19,South,None,BreakStones:10 + BreakChains:13,21,900,2350,933,38,62,8971,50,88,10028,100,100,9097
800,4,40,20,South,ActBoss,DefeatBoss:5400,26,900,5400,933,50,100,5465,88,100,7290,100,100,8844
801,5,41,1,Central,None,ReachScore:7479,21,900,7479,903,62,88,8439,38,62,7062,100,100,9373
802,5,41,2,Central,None,CollectColor:19,21,900,2900,904,100,100,6451,88,100,6073,100,100,7958
803,5,41,3,Central,None,ClearIce:29,21,900,2300,904,38,75,7947,25,75,9158,100,100,11824
804,5,41,4,Central,None,BreakStones:10 + BreakChains:13,0,76,4250,934,12,50,6262,25,38,6401,100,100,6303
805,5,41,5,Central,None,ReachScore:7417 + CollectColor:23 + DestroyBlight:10,21,900,7417,935,0,38,5184,0,50,6152,100,100,7597
806,5,41,6,Central,None,ReachScore:2968,21,900,2968,935,62,88,4224,75,100,4606,100,100,5300
807,5,41,7,Central,None,CollectColor:43,21,900,2350,935,0,25,8402,25,75,11416,100,100,19324
808,5,41,8,Central,None,ClearIce:28,21,900,3000,936,88,100,5870,75,100,5943,100,100,5979
809,5,41,9,Central,None,BreakStones:10 + BreakChains:13,0,76,3000,936,38,75,5349,88,100,6361,100,100,8089
810,5,41,10,Central,MiniBoss,DefeatBoss:11550,26,900,11550,936,25,62,9410,25,75,9449,100,100,14058
811,5,41,11,Central,None,ReachScore:2359,21,900,2359,937,50,62,3403,62,100,3935,100,100,6592
812,5,41,12,Central,None,CollectColor:38,0,76,3000,937,0,62,7989,38,62,11221,100,100,18615
813,5,41,13,Central,None,ClearIce:36,21,900,4250,937,38,38,10012,38,50,12527,100,100,16633
814,5,41,14,Central,None,BreakStones:9 + BreakChains:13,21,900,3000,938,12,50,5936,12,62,6319,100,100,13534
815,5,41,15,Central,None,ReachScore:7802 + CollectColor:25 + DestroyBlight:11,21,900,7802,938,0,38,7816,25,50,11622,100,100,20374
816,5,41,16,Central,None,ReachScore:1000,0,76,1000,938,88,88,2231,88,100,2041,100,100,2180
817,5,41,17,Central,None,CollectColor:26,21,900,3000,939,25,75,11968,0,75,9621,100,100,13462
818,5,41,18,Central,None,ClearIce:21,21,900,3000,939,88,100,6398,88,100,6615,100,100,10037
819,5,41,19,Central,None,BreakStones:7 + BreakChains:13,21,900,2350,939,25,88,7592,75,88,7616,100,100,8223
820,5,41,20,Central,ChapterBoss,DefeatBoss:8150,26,900,8150,940,62,100,8123,50,88,8548,100,100,10624
821,5,42,1,Central,None,ReachScore:1702,21,900,1702,910,50,62,2398,62,88,2795,100,100,5740
822,5,42,2,Central,None,CollectColor:17,21,900,2950,910,62,100,7035,100,100,9106,100,100,9901
823,5,42,3,Central,None,ClearIce:32,21,900,2300,911,25,38,9022,75,100,11411,100,100,13499
824,5,42,4,Central,None,BreakStones:9 + BreakChains:13,0,76,4250,941,0,50,7243,50,100,7757,100,100,9438
825,5,42,5,Central,None,ReachScore:8069 + CollectColor:27 + DestroyBlight:12,21,900,8069,941,0,12,5700,0,12,7041,100,100,9989
826,5,42,6,Central,None,ReachScore:1247,21,900,1247,942,38,75,1829,38,62,1737,100,100,3028
827,5,42,7,Central,None,CollectColor:10,21,900,2350,942,100,100,5872,100,100,6791,100,100,4460
828,5,42,8,Central,None,ClearIce:27,21,900,3000,942,12,62,4992,50,50,7160,100,100,8850
829,5,42,9,Central,None,BreakStones:9 + BreakChains:13,0,76,3000,943,50,75,5512,75,100,5881,100,100,7692
830,5,42,10,Central,MiniBoss,DefeatBoss:6800,26,900,6800,943,12,75,5389,62,100,7191,100,100,7473
831,5,42,11,Central,None,ReachScore:3500,21,900,3500,943,25,38,2911,38,38,4223,0,0,3307
832,5,42,12,Central,None,CollectColor:31,0,76,3000,944,0,0,5439,0,38,7514,100,100,15204
833,5,42,13,Central,None,ClearIce:19,21,900,4250,944,100,100,5652,88,100,5166,100,100,5748
834,5,42,14,Central,None,BreakStones:11 + BreakChains:13,21,900,3000,944,62,88,7302,88,100,7021,100,100,11410
835,5,42,15,Central,None,ReachScore:8100 + CollectColor:15 + DestroyBlight:10,21,900,8100,945,75,100,8947,50,100,8312,100,100,9284
836,5,42,16,Central,None,ReachScore:3308,0,76,3308,945,38,75,3194,50,88,3177,100,100,4503
837,5,42,17,Central,None,CollectColor:25,21,900,3000,945,25,62,4570,75,100,7847,100,100,7434
838,5,42,18,Central,None,ClearIce:32,21,900,3000,946,12,88,7403,38,100,6126,100,100,9094
839,5,42,19,Central,None,BreakStones:10 + BreakChains:13,21,900,2350,946,50,88,12105,75,100,8358,100,100,8241
840,5,42,20,Central,ChapterBoss,DefeatBoss:6350,26,900,6350,946,62,100,6803,75,100,6639,100,100,7286
841,5,43,1,Central,None,ReachScore:1551,21,900,1551,917,75,100,3120,62,100,3055,100,100,3691
842,5,43,2,Central,None,CollectColor:20,21,900,2950,917,100,100,4789,88,100,4345,100,100,6490
843,5,43,3,Central,None,ClearIce:35,21,900,2300,917,12,62,7422,25,50,7476,100,100,6966
844,5,43,4,Central,None,BreakStones:9 + BreakChains:13,0,76,4300,948,12,50,5111,25,50,6308,100,100,8826
845,5,43,5,Central,None,ReachScore:9114 + CollectColor:19 + DestroyBlight:8,21,900,9114,948,12,75,6475,0,75,5545,100,100,9384
846,5,43,6,Central,None,ReachScore:1700,21,900,1700,948,62,88,2676,50,75,2267,100,100,3275
847,5,43,7,Central,None,CollectColor:23,21,900,2350,949,50,88,10372,88,100,11384,100,100,15170
848,5,43,8,Central,None,ClearIce:28,21,900,3000,949,62,88,7485,62,100,8015,100,100,8651
849,5,43,9,Central,None,BreakStones:10 + BreakChains:13,0,76,3000,949,38,88,5227,25,75,6135,100,100,8381
850,5,43,10,Central,MiniBoss,DefeatBoss:4500,26,900,4500,950,88,100,6442,88,100,6064,100,100,9326
851,5,43,11,Central,None,ReachScore:3810,21,900,3810,950,38,50,3804,75,100,4940,100,100,5203
852,5,43,12,Central,None,CollectColor:26,0,76,3000,950,12,25,5364,25,88,5635,100,100,8412
853,5,43,13,Central,None,ClearIce:36,21,900,4300,951,50,50,10206,62,88,8789,100,100,9546
854,5,43,14,Central,None,BreakStones:11 + BreakChains:12,21,900,3000,951,0,12,6114,0,50,5799,100,100,10044
855,5,43,15,Central,None,ReachScore:11300 + CollectColor:14 + DestroyBlight:10,21,900,11300,951,25,75,10208,75,88,12100,100,100,12221
856,5,43,16,Central,None,ReachScore:2750,0,76,2750,952,75,100,2995,88,100,3704,100,100,3489
857,5,43,17,Central,None,CollectColor:40,21,900,3000,952,0,0,7648,0,12,9306,100,100,16520
858,5,43,18,Central,None,ClearIce:26,21,900,3000,952,100,100,10619,88,100,8934,100,100,7813
859,5,43,19,Central,None,BreakStones:9 + BreakChains:14,21,900,2350,953,100,100,6726,88,100,7379,100,100,6470
860,5,43,20,Central,ChapterBoss,DefeatBoss:8150,26,900,8150,953,50,88,7851,88,100,11085,100,100,10482
861,5,44,1,Central,None,ReachScore:1189,21,900,1189,923,12,12,1159,62,75,2185,100,100,3006
862,5,44,2,Central,None,CollectColor:14,21,900,2950,924,100,100,5338,88,100,5277,100,100,4638
863,5,44,3,Central,None,ClearIce:19,21,900,2300,924,100,100,5876,100,100,6150,100,100,6464
864,5,44,4,Central,None,BreakStones:10 + BreakChains:14,0,76,4300,954,25,50,7581,50,75,9110,100,100,6335
865,5,44,5,Central,None,ReachScore:8350 + CollectColor:19 + DestroyBlight:10,21,900,8350,955,0,62,6174,50,75,8513,0,100,7905
866,5,44,6,Central,None,ReachScore:850,21,900,850,955,100,100,3106,75,88,2182,100,100,2604
867,5,44,7,Central,None,CollectColor:26,21,900,2400,955,88,100,7498,100,100,8401,100,100,9888
868,5,44,8,Central,None,ClearIce:20,21,900,3000,956,88,100,6523,88,100,7654,100,100,7076
869,5,44,9,Central,None,BreakStones:9 + BreakChains:14,0,76,3000,956,12,50,6390,50,100,7726,100,100,7760
870,5,44,10,Central,MiniBoss,DefeatBoss:11700,26,900,11700,956,12,50,9368,12,38,9348,100,100,21734
871,5,44,11,Central,None,ReachScore:5150,21,900,5150,957,25,75,4353,25,50,4259,100,100,8775
872,5,44,12,Central,None,CollectColor:21,0,76,3000,957,12,50,5251,75,100,8128,100,100,8924
873,5,44,13,Central,None,ClearIce:39,21,900,4300,957,0,12,11567,0,62,11200,100,100,14952
874,5,44,14,Central,None,BreakStones:11 + BreakChains:12,21,900,3000,958,75,100,6103,88,100,8658,100,100,8594
875,5,44,15,Central,None,ReachScore:7800 + CollectColor:9 + DestroyBlight:17,21,900,7800,958,25,50,6993,38,62,7439,100,100,8784
876,5,44,16,Central,None,ReachScore:2188,0,76,2188,958,25,50,2088,50,62,2309,100,100,8783
877,5,44,17,Central,None,CollectColor:36,21,900,3000,959,0,12,5679,0,50,7589,100,100,10891
878,5,44,18,Central,None,ClearIce:33,21,900,3000,959,38,62,7304,0,62,7343,100,100,6810
879,5,44,19,Central,None,BreakStones:10 + BreakChains:12,21,900,2400,959,62,100,8366,62,88,8413,100,100,8070
880,5,44,20,Central,ChapterBoss,DefeatBoss:8200,26,900,8200,960,25,100,6968,75,100,9445,100,100,15093
881,5,45,1,Central,None,ReachScore:1150,21,900,1150,930,88,88,3238,50,75,2113,100,100,2956
882,5,45,2,Central,None,CollectColor:16,21,900,2950,930,62,100,6904,75,100,7295,100,100,7984
883,5,45,3,Central,None,ClearIce:30,21,900,2350,931,62,75,10800,38,100,9915,100,100,7935
884,5,45,4,Central,None,BreakStones:10 + BreakChains:14,0,75,4300,961,0,50,5463,62,88,9887,100,100,8618
885,5,45,5,Central,None,ReachScore:7650 + CollectColor:10 + DestroyBlight:10,21,900,7650,961,12,88,5078,0,75,4875,0,100,7216
886,5,45,6,Central,None,ReachScore:2130,21,900,2130,962,75,75,3828,88,100,4217,100,100,5549
887,5,45,7,Central,None,CollectColor:19,21,900,2400,962,88,100,8641,100,100,7830,100,100,11945
888,5,45,8,Central,None,ClearIce:23,21,900,3000,962,100,100,7875,100,100,8306,100,100,9106
889,5,45,9,Central,None,BreakStones:9 + BreakChains:12,0,75,3000,963,75,100,5885,75,100,7268,100,100,6808
890,5,45,10,Central,MiniBoss,DefeatBoss:11700,26,900,11700,963,0,38,7252,12,62,9699,100,100,13735
891,5,45,11,Central,None,ReachScore:5050,21,900,5050,963,0,25,2497,12,25,2966,100,100,6977
892,5,45,12,Central,None,CollectColor:15,0,75,3050,964,62,100,3478,100,100,4085,100,100,5084
893,5,45,13,Central,None,ClearIce:39,21,900,4350,964,25,88,9973,75,100,12715,100,100,9509
894,5,45,14,Central,None,BreakStones:10 + BreakChains:13,21,900,3050,964,0,25,7978,25,38,8192,100,100,7748
895,5,45,15,Central,None,ReachScore:8550 + CollectColor:12 + DestroyBlight:14,21,900,8550,965,75,75,10568,75,100,10030,100,100,9337
896,5,45,16,Central,None,ReachScore:1953,0,75,1953,965,50,50,2013,62,88,2264,100,100,3828
897,5,45,17,Central,None,CollectColor:25,21,900,3050,965,38,62,7668,62,88,10000,100,100,9048
898,5,45,18,Central,None,ClearIce:34,21,900,3050,966,50,88,7516,75,100,9355,100,100,10731
899,5,45,19,Central,None,BreakStones:9 + BreakChains:14,21,900,2400,966,50,88,8786,75,100,9646,100,100,8716
900,5,45,20,Central,ChapterBoss,DefeatBoss:8250,26,900,8250,966,88,100,9791,88,100,9785,100,100,10876
901,5,46,1,Central,None,ReachScore:1700,21,900,1700,937,25,38,1611,38,62,2344,100,100,3592
902,5,46,2,Central,None,CollectColor:15,21,900,3000,937,75,100,5111,88,100,6323,100,100,5280
903,5,46,3,Central,None,ClearIce:31,21,900,2350,937,12,75,5825,25,88,6811,100,100,7857
904,5,46,4,Central,None,BreakStones:10 + BreakChains:14,0,75,4350,968,50,100,6040,100,100,7055,100,100,5269
905,5,46,5,Central,None,ReachScore:14116 + CollectColor:46 + DestroyBlight:17,21,900,14116,968,0,0,7169,0,0,8384,100,100,16865
906,5,46,6,Central,None,ReachScore:2900,21,900,2900,968,50,75,3307,50,75,3523,100,100,4747
907,5,46,7,Central,None,CollectColor:14,21,900,2400,969,100,100,8243,100,100,7534,100,100,8890
908,5,46,8,Central,None,ClearIce:25,21,900,3050,969,38,88,8501,62,100,8438,100,100,7360
909,5,46,9,Central,None,BreakStones:10 + BreakChains:14,0,75,3050,969,62,100,11107,75,88,10661,100,100,25285
910,5,46,10,Central,MiniBoss,DefeatBoss:11600,26,900,11600,970,0,38,7858,50,75,11449,100,100,14328
911,5,46,11,Central,None,ReachScore:3361,21,900,3361,970,62,75,3306,62,100,3897,100,100,6211
912,5,46,12,Central,None,CollectColor:21,0,75,3050,970,62,100,6629,100,100,6769,100,100,6263
913,5,46,13,Central,None,ClearIce:28,21,900,4350,971,38,75,6945,62,100,8208,100,100,6700
914,5,46,14,Central,None,BreakStones:11 + BreakChains:14,21,900,3050,971,12,62,7780,62,88,9143,100,100,10338
915,5,46,15,Central,None,ReachScore:9889 + CollectColor:24 + DestroyBlight:15,21,900,9889,971,50,62,10114,62,100,10921,100,100,14640
916,5,46,16,Central,None,ReachScore:3800,0,75,3800,972,62,62,3666,38,75,2780,100,100,4746
917,5,46,17,Central,None,CollectColor:33,21,900,3050,972,12,50,10355,38,100,11921,100,100,15614
918,5,46,18,Central,None,ClearIce:26,21,900,3050,972,88,100,6529,50,88,6480,100,100,8612
919,5,46,19,Central,None,BreakStones:9 + BreakChains:13,21,900,2400,973,38,75,7658,88,100,7436,100,100,10518
920,5,46,20,Central,ChapterBoss,DefeatBoss:7750,26,900,7750,973,75,100,8673,50,88,7731,100,100,9432
921,5,47,1,Central,None,ReachScore:4216,21,900,4216,943,50,50,4501,62,75,4418,100,100,8533
922,5,47,2,Central,None,CollectColor:13,21,900,3000,944,100,100,5231,75,100,6226,100,100,7387
923,5,47,3,Central,None,ClearIce:31,21,900,2350,944,62,88,8322,75,100,7893,100,100,11399
924,5,47,4,Central,None,BreakStones:9 + BreakChains:14,0,75,4350,974,62,62,7029,88,100,6312,100,100,6579
925,5,47,5,Central,None,ReachScore:8350 + CollectColor:10 + DestroyBlight:14,21,900,8350,975,0,25,4171,0,38,5662,0,100,7885
926,5,47,6,Central,None,ReachScore:900,21,900,900,975,75,88,2731,75,88,2527,100,100,2649
927,5,47,7,Central,None,CollectColor:17,21,900,2400,975,100,100,4880,100,100,7753,100,100,8404
928,5,47,8,Central,None,ClearIce:35,21,900,3050,976,25,88,10598,38,100,9318,100,100,12869
929,5,47,9,Central,None,BreakStones:10 + BreakChains:14,0,75,3050,976,50,75,6577,50,100,4739,100,100,5321
930,5,47,10,Central,MiniBoss,DefeatBoss:11850,26,900,11850,976,12,62,9680,38,75,10533,100,100,15742
931,5,47,11,Central,None,ReachScore:1600,21,900,1600,977,100,100,3663,50,88,2424,0,0,1526
932,5,47,12,Central,None,CollectColor:24,0,75,3050,977,25,62,7797,62,75,9234,100,100,10901
933,5,47,13,Central,None,ClearIce:30,21,900,4350,977,38,75,9546,75,88,8854,100,100,12034
934,5,47,14,Central,None,BreakStones:9 + BreakChains:12,21,900,3050,978,50,100,6922,88,100,6338,100,100,5788
935,5,47,15,Central,None,ReachScore:10757 + CollectColor:21 + DestroyBlight:10,21,900,10757,978,0,100,7631,0,100,9219,100,100,15404
936,5,47,16,Central,None,ReachScore:1397,0,75,1397,978,62,88,2482,75,100,2596,100,100,2831
937,5,47,17,Central,None,CollectColor:30,21,900,3050,979,75,100,8331,88,100,7290,100,100,8309
938,5,47,18,Central,None,ClearIce:33,21,900,3050,979,75,100,10031,62,100,9636,100,100,15761
939,5,47,19,Central,None,BreakStones:8 + BreakChains:13,21,900,2400,979,75,100,7770,88,100,8174,100,100,9765
940,5,47,20,Central,ChapterBoss,DefeatBoss:8300,26,900,8300,980,25,100,7392,75,100,8855,100,100,9814
941,5,48,1,Central,None,ReachScore:2650,21,900,2650,950,38,75,2548,38,88,2916,100,100,4203
942,5,48,2,Central,None,CollectColor:11,21,900,3000,950,100,100,5827,100,100,5112,100,100,4542
943,5,48,3,Central,None,ClearIce:29,21,900,2350,951,0,62,5257,12,75,5881,100,100,5560
944,5,48,4,Central,None,BreakStones:10 + BreakChains:14,0,75,4350,981,88,100,7127,100,100,9986,100,100,9595
945,5,48,5,Central,None,ReachScore:10500 + CollectColor:23 + DestroyBlight:5,21,900,10500,981,12,12,7851,0,25,6972,0,100,9900
946,5,48,6,Central,None,ReachScore:2019,21,900,2019,982,50,75,2963,62,88,3810,100,100,8410
947,5,48,7,Central,None,CollectColor:21,21,900,2400,982,88,100,8446,100,100,7256,100,100,9248
948,5,48,8,Central,None,ClearIce:27,21,900,3050,982,75,100,8736,62,100,7683,100,100,8398
949,5,48,9,Central,None,BreakStones:9 + BreakChains:14,0,75,3050,983,50,88,5182,75,100,6311,100,100,6081
950,5,48,10,Central,MiniBoss,DefeatBoss:8750,26,900,8750,983,50,100,8732,88,100,10692,100,100,10892
951,5,48,11,Central,None,ReachScore:3900,21,900,3900,983,12,25,3316,50,75,4900,0,0,3674
952,5,48,12,Central,None,CollectColor:24,0,75,3100,984,62,88,4270,100,100,5583,100,100,6075
953,5,48,13,Central,None,ClearIce:39,21,900,4400,984,0,12,8096,12,38,11233,100,100,23514
954,5,48,14,Central,None,BreakStones:4 + BreakChains:7,21,900,3100,984,100,100,4974,100,100,4200,100,100,4580
955,5,48,15,Central,None,ReachScore:7450 + CollectColor:18 + DestroyBlight:15,21,900,7450,985,62,88,8390,62,100,8058,100,100,8271
956,5,48,16,Central,None,ReachScore:1341,0,75,1341,985,50,88,1662,62,88,1753,100,100,2375
957,5,48,17,Central,None,CollectColor:42,21,900,3100,985,0,62,8810,25,50,8773,100,100,23015
958,5,48,18,Central,None,ClearIce:26,21,900,3100,986,50,100,8289,62,100,8015,100,100,6692
959,5,48,19,Central,None,BreakStones:10 + BreakChains:13,21,900,2400,986,38,75,5186,50,100,6434,100,100,5724
960,5,48,20,Central,ChapterBoss,DefeatBoss:7850,26,900,7850,986,50,75,6930,50,100,7521,100,100,8490
961,5,49,1,Central,None,ReachScore:1360,21,900,1360,957,50,75,2265,62,88,2662,100,100,3492
962,5,49,2,Central,None,CollectColor:12,21,900,3000,957,100,100,7292,100,100,6165,100,100,5355
963,5,49,3,Central,None,ClearIce:35,21,900,2400,957,0,50,8042,25,62,8843,100,100,10570
964,5,49,4,Central,None,BreakStones:10 + BreakChains:14,0,75,4400,988,38,75,5378,12,62,5767,100,100,11472
965,5,49,5,Central,None,ReachScore:8154 + CollectColor:22 + DestroyBlight:12,21,900,8154,988,12,25,6092,0,12,5803,100,100,8981
966,5,49,6,Central,None,ReachScore:2350,21,900,2350,988,62,88,3837,50,75,3011,100,100,3952
967,5,49,7,Central,None,CollectColor:19,21,900,2400,989,38,100,7111,38,100,7325,100,100,14207
968,5,49,8,Central,None,ClearIce:23,21,900,3100,989,62,100,5346,88,100,5070,100,100,5595
969,5,49,9,Central,None,BreakStones:10 + BreakChains:14,0,75,3100,989,75,100,7780,100,100,6427,100,100,6466
970,5,49,10,Central,MiniBoss,DefeatBoss:8900,26,900,8900,990,25,75,7671,50,88,9151,100,100,9750
971,5,49,11,Central,None,ReachScore:3313,21,900,3313,990,38,62,3517,62,75,4389,100,100,5807
972,5,49,12,Central,None,CollectColor:28,0,75,3100,990,0,38,4834,50,100,6533,100,100,14260
973,5,49,13,Central,None,ClearIce:34,21,900,4400,991,12,38,8056,25,88,9119,100,100,10585
974,5,49,14,Central,None,BreakStones:11 + BreakChains:14,21,900,3100,991,12,38,5361,25,50,5487,100,100,10966
975,5,49,15,Central,None,ReachScore:5850 + CollectColor:10 + DestroyBlight:10,21,900,5850,991,50,100,6259,88,100,8756,100,100,6870
976,5,49,16,Central,None,ReachScore:2700,0,75,2700,992,62,75,3693,25,100,2702,100,100,3788
977,5,49,17,Central,None,CollectColor:28,21,900,3100,992,38,100,7210,62,88,7904,100,100,12998
978,5,49,18,Central,None,ClearIce:22,21,900,3100,992,12,75,6477,75,100,7608,100,100,10559
979,5,49,19,Central,None,BreakStones:10 + BreakChains:14,21,900,2450,993,62,100,7555,88,100,9651,100,100,9767
980,5,49,20,Central,ChapterBoss,DefeatBoss:7850,26,900,7850,993,0,50,5941,12,75,6759,100,100,9453
981,5,50,1,Central,None,ReachScore:6026,21,900,6026,963,12,12,2996,38,75,5009,100,100,7802
982,5,50,2,Central,None,CollectColor:20,21,900,3050,964,50,100,9126,75,100,9917,100,100,10846
983,5,50,3,Central,None,ClearIce:27,21,900,2400,964,50,100,7936,75,100,7496,100,100,9810
984,5,50,4,Central,None,BreakStones:9 + BreakChains:13,0,75,4400,994,62,75,4555,88,100,6840,100,100,8865
985,5,50,5,Central,None,ReachScore:6518 + CollectColor:20 + DestroyBlight:12,21,900,6518,995,12,75,5473,12,50,5224,100,100,7142
986,5,50,6,Central,None,ReachScore:2105,21,900,2105,995,38,100,3139,75,88,3326,100,100,4044
987,5,50,7,Central,None,CollectColor:14,21,900,2450,995,100,100,6023,88,100,5814,100,100,8238
988,5,50,8,Central,None,ClearIce:26,21,900,3100,996,75,100,8855,100,100,7318,100,100,9588
989,5,50,9,Central,None,BreakStones:10 + BreakChains:14,0,75,3100,996,62,75,7607,25,100,7469,100,100,6779
990,5,50,10,Central,MiniBoss,DefeatBoss:8050,26,900,8050,996,25,62,6448,62,88,9080,100,100,9521
991,5,50,11,Central,None,ReachScore:3550,21,900,3550,997,38,62,3943,25,62,3474,0,0,3368
992,5,50,12,Central,None,CollectColor:26,0,75,3100,997,12,12,10417,25,75,12973,100,100,16111
993,5,50,13,Central,None,ClearIce:36,21,900,4400,997,12,38,9988,12,25,7778,100,100,17829
994,5,50,14,Central,None,BreakStones:11 + BreakChains:14,21,900,3100,998,62,100,8830,75,100,7867,100,100,6684
995,5,50,15,Central,None,ReachScore:9200 + CollectColor:12 + DestroyBlight:13,21,900,9200,998,12,62,6634,25,88,8246,100,100,10420
996,5,50,16,Central,None,ReachScore:2000,0,75,2000,998,75,100,2600,62,88,2736,100,100,3129
997,5,50,17,Central,None,CollectColor:28,21,900,3100,999,25,88,6780,12,88,7093,100,100,7058
998,5,50,18,Central,None,ClearIce:27,21,900,3100,999,62,88,8937,75,88,9705,100,100,8889
999,5,50,19,Central,None,BreakStones:10 + BreakChains:12,21,900,2450,999,38,75,6516,38,100,5875,100,100,8277
1000,5,50,20,Central,FinalBoss,DefeatBoss:5500,25,900,5500,1000,88,100,7069,100,100,7272,100,100,6475
